counterparty_id,_true_a_id,_match_type
CP-INJ-0002517,,unmatched
CP-INJ-0002832,,unmatched
CP-INJ-0000625,ENT-002708,matched
CP-INJ-0001307,ENT-009982,matched
CP-INJ-0002954,,unmatched
CP-INJ-0001035,ENT-006561,matched
CP-INJ-0001973,ENT-002967,matched
CP-INJ-0002212,ENT-009633,ambiguous
CP-INJ-0001431,ENT-006347,matched
CP-INJ-0000461,ENT-006874,matched
CP-INJ-0000111,ENT-008113,matched
CP-INJ-0000028,ENT-004768,matched
CP-INJ-0001094,ENT-009868,matched
CP-INJ-0000811,ENT-003611,matched
CP-INJ-0000606,ENT-001753,matched
CP-INJ-0000463,ENT-001649,matched
CP-INJ-0001016,ENT-005799,matched
CP-INJ-0000453,ENT-000943,matched
CP-INJ-0002430,,unmatched
CP-INJ-0001115,ENT-009016,matched
CP-INJ-0002598,,unmatched
CP-INJ-0001419,ENT-004358,matched
CP-INJ-0001716,ENT-004066,matched
CP-INJ-0000874,ENT-005932,matched
CP-INJ-0002869,,unmatched
CP-INJ-0002402,,unmatched
CP-INJ-0002809,,unmatched
CP-INJ-0001221,ENT-001078,matched
CP-INJ-0000620,ENT-000089,matched
CP-INJ-0000985,ENT-004279,matched
CP-INJ-0001475,ENT-000947,matched
CP-INJ-0000150,ENT-008520,matched
CP-INJ-0002647,,unmatched
CP-INJ-0000532,ENT-000354,matched
CP-INJ-0002558,,unmatched
CP-INJ-0000206,ENT-003915,matched
CP-INJ-0001816,ENT-007031,matched
CP-INJ-0000679,ENT-006327,matched
CP-INJ-0002014,ENT-004654,matched
CP-INJ-0000232,ENT-009622,matched
CP-INJ-0002406,,unmatched
CP-INJ-0001211,ENT-002669,matched
CP-INJ-0002952,,unmatched
CP-INJ-0001560,ENT-000537,matched
CP-INJ-0002729,,unmatched
CP-INJ-0000369,ENT-006070,matched
CP-INJ-0000782,ENT-009851,matched
CP-INJ-0000178,ENT-009334,matched
CP-INJ-0002718,,unmatched
CP-INJ-0000244,ENT-004983,matched
CP-INJ-0000468,ENT-001024,matched
CP-INJ-0000107,ENT-001653,matched
CP-INJ-0001681,ENT-006140,matched
CP-INJ-0000332,ENT-007154,matched
CP-INJ-0002715,,unmatched
CP-INJ-0002493,,unmatched
CP-INJ-0000157,ENT-007574,matched
CP-INJ-0000189,ENT-002930,matched
CP-INJ-0002714,,unmatched
CP-INJ-0001573,ENT-006780,matched
CP-INJ-0002530,,unmatched
CP-INJ-0001290,ENT-000738,matched
CP-INJ-0002973,,unmatched
CP-INJ-0000541,ENT-006777,matched
CP-INJ-0002178,ENT-001877,ambiguous
CP-INJ-0000334,ENT-008760,matched
CP-INJ-0000410,ENT-002337,matched
CP-INJ-0000448,ENT-000944,matched
CP-INJ-0002413,,unmatched
CP-INJ-0001506,ENT-004439,matched
CP-INJ-0001830,ENT-001389,matched
CP-INJ-0001164,ENT-004394,matched
CP-INJ-0002027,ENT-002580,matched
CP-INJ-0002886,,unmatched
CP-INJ-0000923,ENT-003463,matched
CP-INJ-0000293,ENT-004743,matched
CP-INJ-0002624,,unmatched
CP-INJ-0000155,ENT-005595,matched
CP-INJ-0000464,ENT-001216,matched
CP-INJ-0001074,ENT-002916,matched
CP-INJ-0002770,,unmatched
CP-INJ-0000875,ENT-002952,matched
CP-INJ-0000277,ENT-004062,matched
CP-INJ-0000412,ENT-004793,matched
CP-INJ-0001803,ENT-001258,matched
CP-INJ-0000641,ENT-000277,matched
CP-INJ-0002920,,unmatched
CP-INJ-0000105,ENT-002675,matched
CP-INJ-0001760,ENT-008476,matched
CP-INJ-0001499,ENT-009923,matched
CP-INJ-0002584,,unmatched
CP-INJ-0002171,ENT-006455,ambiguous
CP-INJ-0002908,,unmatched
CP-INJ-0000619,ENT-004276,matched
CP-INJ-0001850,ENT-005560,matched
CP-INJ-0001493,ENT-007409,matched
CP-INJ-0001884,ENT-006808,matched
CP-INJ-0001799,ENT-004675,matched
CP-INJ-0001837,ENT-005164,matched
CP-INJ-0000635,ENT-001372,matched
CP-INJ-0002853,,unmatched
CP-INJ-0001696,ENT-000317,matched
CP-INJ-0001409,ENT-005212,matched
CP-INJ-0000248,ENT-006059,matched
CP-INJ-0000637,ENT-004329,matched
CP-INJ-0000959,ENT-005841,matched
CP-INJ-0001315,ENT-000684,matched
CP-INJ-0001724,ENT-004636,matched
CP-INJ-0002123,ENT-006881,ambiguous
CP-INJ-0001977,ENT-000090,matched
CP-INJ-0001340,ENT-008062,matched
CP-INJ-0001325,ENT-008589,matched
CP-INJ-0002929,,unmatched
CP-INJ-0000857,ENT-007847,matched
CP-INJ-0001209,ENT-006253,matched
CP-INJ-0000902,ENT-008013,matched
CP-INJ-0000249,ENT-000208,matched
CP-INJ-0000981,ENT-006404,matched
CP-INJ-0001801,ENT-008255,matched
CP-INJ-0000756,ENT-003584,matched
CP-INJ-0002368,ENT-006762,ambiguous
CP-INJ-0001333,ENT-000570,matched
CP-INJ-0001756,ENT-002286,matched
CP-INJ-0002053,ENT-008835,matched
CP-INJ-0001698,ENT-002484,matched
CP-INJ-0001064,ENT-005623,matched
CP-INJ-0002599,,unmatched
CP-INJ-0001160,ENT-001451,matched
CP-INJ-0000284,ENT-004796,matched
CP-INJ-0000200,ENT-007225,matched
CP-INJ-0000966,ENT-007113,matched
CP-INJ-0000266,ENT-008613,matched
CP-INJ-0000142,ENT-009275,matched
CP-INJ-0000445,ENT-000333,matched
CP-INJ-0001845,ENT-002420,matched
CP-INJ-0000005,ENT-009511,matched
CP-INJ-0002693,,unmatched
CP-INJ-0002448,,unmatched
CP-INJ-0002903,,unmatched
CP-INJ-0000040,ENT-001466,matched
CP-INJ-0000919,ENT-009915,matched
CP-INJ-0002213,ENT-003781,ambiguous
CP-INJ-0000407,ENT-005296,matched
CP-INJ-0002892,,unmatched
CP-INJ-0000516,ENT-006427,matched
CP-INJ-0002889,,unmatched
CP-INJ-0002107,ENT-005470,ambiguous
CP-INJ-0001740,ENT-002594,matched
CP-INJ-0002136,ENT-006934,ambiguous
CP-INJ-0002511,,unmatched
CP-INJ-0002197,ENT-002457,ambiguous
CP-INJ-0002476,,unmatched
CP-INJ-0001723,ENT-002145,matched
CP-INJ-0002158,ENT-003091,ambiguous
CP-INJ-0001872,ENT-007445,matched
CP-INJ-0002912,,unmatched
CP-INJ-0001335,ENT-008493,matched
CP-INJ-0002048,ENT-006219,matched
CP-INJ-0002266,ENT-006469,ambiguous
CP-INJ-0001045,ENT-009435,matched
CP-INJ-0000306,ENT-000507,matched
CP-INJ-0000487,ENT-003353,matched
CP-INJ-0001081,ENT-009283,matched
CP-INJ-0001259,ENT-005601,matched
CP-INJ-0001266,ENT-001446,matched
CP-INJ-0001093,ENT-007618,matched
CP-INJ-0001704,ENT-009903,matched
CP-INJ-0000113,ENT-002434,matched
CP-INJ-0002975,,unmatched
CP-INJ-0001139,ENT-006598,matched
CP-INJ-0000731,ENT-007352,matched
CP-INJ-0002523,,unmatched
CP-INJ-0001415,ENT-003011,matched
CP-INJ-0002562,,unmatched
CP-INJ-0000939,ENT-005066,matched
CP-INJ-0002596,,unmatched
CP-INJ-0002655,,unmatched
CP-INJ-0000224,ENT-009341,matched
CP-INJ-0001985,ENT-009971,matched
CP-INJ-0000989,ENT-008491,matched
CP-INJ-0002184,ENT-004677,ambiguous
CP-INJ-0002807,,unmatched
CP-INJ-0002500,,unmatched
CP-INJ-0002984,,unmatched
CP-INJ-0002156,ENT-005647,ambiguous
CP-INJ-0002587,,unmatched
CP-INJ-0001789,ENT-000282,matched
CP-INJ-0002901,,unmatched
CP-INJ-0000815,ENT-003219,matched
CP-INJ-0002272,ENT-006751,ambiguous
CP-INJ-0002742,,unmatched
CP-INJ-0001987,ENT-004819,matched
CP-INJ-0000422,ENT-004402,matched
CP-INJ-0002801,,unmatched
CP-INJ-0000949,ENT-004883,matched
CP-INJ-0000251,ENT-005025,matched
CP-INJ-0001381,ENT-003182,matched
CP-INJ-0002488,,unmatched
CP-INJ-0002145,ENT-000170,ambiguous
CP-INJ-0002484,,unmatched
CP-INJ-0000183,ENT-006096,matched
CP-INJ-0002221,ENT-007840,ambiguous
CP-INJ-0001400,ENT-007248,matched
CP-INJ-0002120,ENT-008102,ambiguous
CP-INJ-0002057,ENT-004070,matched
CP-INJ-0002211,ENT-009200,ambiguous
CP-INJ-0000170,ENT-001712,matched
CP-INJ-0001746,ENT-000890,matched
CP-INJ-0002447,,unmatched
CP-INJ-0001034,ENT-008068,matched
CP-INJ-0002067,ENT-005855,matched
CP-INJ-0002220,ENT-009964,ambiguous
CP-INJ-0002346,ENT-007371,ambiguous
CP-INJ-0002135,ENT-003601,ambiguous
CP-INJ-0001349,ENT-004882,matched
CP-INJ-0002355,ENT-000119,ambiguous
CP-INJ-0000584,ENT-007621,matched
CP-INJ-0001426,ENT-000299,matched
CP-INJ-0000624,ENT-007649,matched
CP-INJ-0001180,ENT-006985,matched
CP-INJ-0001238,ENT-008325,matched
CP-INJ-0000194,ENT-007690,matched
CP-INJ-0001374,ENT-005449,matched
CP-INJ-0000841,ENT-003871,matched
CP-INJ-0000043,ENT-000172,matched
CP-INJ-0000314,ENT-007873,matched
CP-INJ-0000186,ENT-000827,matched
CP-INJ-0000327,ENT-002249,matched
CP-INJ-0001003,ENT-001412,matched
CP-INJ-0000093,ENT-002300,matched
CP-INJ-0001627,ENT-008294,matched
CP-INJ-0000159,ENT-006910,matched
CP-INJ-0002482,,unmatched
CP-INJ-0001323,ENT-004813,matched
CP-INJ-0000786,ENT-007893,matched
CP-INJ-0000231,ENT-003621,matched
CP-INJ-0001482,ENT-007001,matched
CP-INJ-0002163,ENT-009035,ambiguous
CP-INJ-0002519,,unmatched
CP-INJ-0001070,ENT-002293,matched
CP-INJ-0002146,ENT-001531,ambiguous
CP-INJ-0001108,ENT-003367,matched
CP-INJ-0002106,ENT-008812,ambiguous
CP-INJ-0000886,ENT-005422,matched
CP-INJ-0000247,ENT-009428,matched
CP-INJ-0001705,ENT-000646,matched
CP-INJ-0001930,ENT-009886,matched
CP-INJ-0002398,ENT-007450,ambiguous
CP-INJ-0002132,ENT-006857,ambiguous
CP-INJ-0000275,ENT-002962,matched
CP-INJ-0001510,ENT-005175,matched
CP-INJ-0000091,ENT-008018,matched
CP-INJ-0000215,ENT-003856,matched
CP-INJ-0001227,ENT-003529,matched
CP-INJ-0002531,,unmatched
CP-INJ-0001754,ENT-005609,matched
CP-INJ-0000664,ENT-004082,matched
CP-INJ-0002764,,unmatched
CP-INJ-0002951,,unmatched
CP-INJ-0000685,ENT-009663,matched
CP-INJ-0002081,ENT-004359,matched
CP-INJ-0000449,ENT-001668,matched
CP-INJ-0001500,ENT-006634,matched
CP-INJ-0000003,ENT-005721,matched
CP-INJ-0001263,ENT-007260,matched
CP-INJ-0000911,ENT-004593,matched
CP-INJ-0000177,ENT-004009,matched
CP-INJ-0002283,ENT-007242,ambiguous
CP-INJ-0001656,ENT-009287,matched
CP-INJ-0002993,,unmatched
CP-INJ-0000691,ENT-007291,matched
CP-INJ-0001599,ENT-002188,matched
CP-INJ-0002399,ENT-001201,ambiguous
CP-INJ-0002497,,unmatched
CP-INJ-0002175,ENT-003779,ambiguous
CP-INJ-0002724,,unmatched
CP-INJ-0001881,ENT-005317,matched
CP-INJ-0000581,ENT-001023,matched
CP-INJ-0002797,,unmatched
CP-INJ-0001893,ENT-001197,matched
CP-INJ-0000983,ENT-006567,matched
CP-INJ-0001497,ENT-000406,matched
CP-INJ-0001780,ENT-007879,matched
CP-INJ-0001258,ENT-003464,matched
CP-INJ-0001422,ENT-006333,matched
CP-INJ-0001660,ENT-006180,matched
CP-INJ-0000741,ENT-001896,matched
CP-INJ-0002477,,unmatched
CP-INJ-0001516,ENT-005965,matched
CP-INJ-0000386,ENT-003469,matched
CP-INJ-0000654,ENT-007728,matched
CP-INJ-0002902,,unmatched
CP-INJ-0000335,ENT-006757,matched
CP-INJ-0001107,ENT-003172,matched
CP-INJ-0002408,,unmatched
CP-INJ-0001358,ENT-003706,matched
CP-INJ-0000483,ENT-008625,matched
CP-INJ-0002373,ENT-004666,ambiguous
CP-INJ-0000658,ENT-008067,matched
CP-INJ-0002858,,unmatched
CP-INJ-0002325,ENT-007346,ambiguous
CP-INJ-0002651,,unmatched
CP-INJ-0000095,ENT-005608,matched
CP-INJ-0002316,ENT-004210,ambiguous
CP-INJ-0001253,ENT-006084,matched
CP-INJ-0000323,ENT-000952,matched
CP-INJ-0002640,,unmatched
CP-INJ-0002669,,unmatched
CP-INJ-0000546,ENT-005868,matched
CP-INJ-0000141,ENT-001085,matched
CP-INJ-0001545,ENT-008049,matched
CP-INJ-0001678,ENT-001364,matched
CP-INJ-0001732,ENT-009335,matched
CP-INJ-0000968,ENT-000439,matched
CP-INJ-0000413,ENT-000780,matched
CP-INJ-0002063,ENT-008759,matched
CP-INJ-0000499,ENT-007626,matched
CP-INJ-0000288,ENT-002209,matched
CP-INJ-0001048,ENT-001029,matched
CP-INJ-0001316,ENT-002067,matched
CP-INJ-0001309,ENT-003019,matched
CP-INJ-0000145,ENT-006610,matched
CP-INJ-0000378,ENT-002137,matched
CP-INJ-0002343,ENT-003582,ambiguous
CP-INJ-0000096,ENT-000010,matched
CP-INJ-0002788,,unmatched
CP-INJ-0002204,ENT-005711,ambiguous
CP-INJ-0001563,ENT-003191,matched
CP-INJ-0002560,,unmatched
CP-INJ-0000357,ENT-006851,matched
CP-INJ-0000653,ENT-003625,matched
CP-INJ-0002098,ENT-009285,matched
CP-INJ-0002734,,unmatched
CP-INJ-0000770,ENT-006839,matched
CP-INJ-0000829,ENT-002058,matched
CP-INJ-0002905,,unmatched
CP-INJ-0002642,,unmatched
CP-INJ-0001491,ENT-009776,matched
CP-INJ-0001289,ENT-008150,matched
CP-INJ-0001183,ENT-002492,matched
CP-INJ-0002748,,unmatched
CP-INJ-0002638,,unmatched
CP-INJ-0002011,ENT-002681,matched
CP-INJ-0001133,ENT-007205,matched
CP-INJ-0002919,,unmatched
CP-INJ-0000849,ENT-002541,matched
CP-INJ-0002378,ENT-004886,ambiguous
CP-INJ-0000017,ENT-002650,matched
CP-INJ-0001739,ENT-003510,matched
CP-INJ-0000129,ENT-003103,matched
CP-INJ-0000097,ENT-000757,matched
CP-INJ-0002546,,unmatched
CP-INJ-0001086,ENT-005267,matched
CP-INJ-0001951,ENT-006825,matched
CP-INJ-0000447,ENT-005061,matched
CP-INJ-0001379,ENT-001930,matched
CP-INJ-0002052,ENT-006117,matched
CP-INJ-0002656,,unmatched
CP-INJ-0001604,ENT-001431,matched
CP-INJ-0002445,,unmatched
CP-INJ-0000844,ENT-008359,matched
CP-INJ-0000427,ENT-004563,matched
CP-INJ-0002728,,unmatched
CP-INJ-0001121,ENT-006578,matched
CP-INJ-0001193,ENT-000805,matched
CP-INJ-0002172,ENT-005702,ambiguous
CP-INJ-0001412,ENT-002629,matched
CP-INJ-0000351,ENT-009243,matched
CP-INJ-0002677,,unmatched
CP-INJ-0000126,ENT-003075,matched
CP-INJ-0002573,,unmatched
CP-INJ-0001617,ENT-003508,matched
CP-INJ-0002050,ENT-001754,matched
CP-INJ-0002699,,unmatched
CP-INJ-0001503,ENT-004762,matched
CP-INJ-0002280,ENT-004345,ambiguous
CP-INJ-0002943,,unmatched
CP-INJ-0001185,ENT-007529,matched
CP-INJ-0001471,ENT-000259,matched
CP-INJ-0002938,,unmatched
CP-INJ-0002358,ENT-003258,ambiguous
CP-INJ-0000092,ENT-006692,matched
CP-INJ-0000730,ENT-000821,matched
CP-INJ-0001143,ENT-001704,matched
CP-INJ-0001236,ENT-002970,matched
CP-INJ-0002226,ENT-001140,ambiguous
CP-INJ-0002090,ENT-009507,matched
CP-INJ-0000706,ENT-002461,matched
CP-INJ-0001702,ENT-006756,matched
CP-INJ-0000118,ENT-009408,matched
CP-INJ-0001851,ENT-005940,matched
CP-INJ-0002532,,unmatched
CP-INJ-0001577,ENT-004809,matched
CP-INJ-0002034,ENT-009062,matched
CP-INJ-0000484,ENT-003564,matched
CP-INJ-0002470,,unmatched
CP-INJ-0000377,ENT-000245,matched
CP-INJ-0000416,ENT-002493,matched
CP-INJ-0000184,ENT-006322,matched
CP-INJ-0002191,ENT-001213,ambiguous
CP-INJ-0001880,ENT-003039,matched
CP-INJ-0001817,ENT-007929,matched
CP-INJ-0001037,ENT-004589,matched
CP-INJ-0002387,ENT-007228,ambiguous
CP-INJ-0002644,,unmatched
CP-INJ-0000493,ENT-005676,matched
CP-INJ-0001200,ENT-005890,matched
CP-INJ-0002227,ENT-004354,ambiguous
CP-INJ-0001353,ENT-007488,matched
CP-INJ-0001264,ENT-006554,matched
CP-INJ-0001470,ENT-002394,matched
CP-INJ-0000213,ENT-000701,matched
CP-INJ-0000963,ENT-001969,matched
CP-INJ-0002161,ENT-001610,ambiguous
CP-INJ-0001443,ENT-009887,matched
CP-INJ-0001667,ENT-003022,matched
CP-INJ-0001401,ENT-000550,matched
CP-INJ-0002450,,unmatched
CP-INJ-0002769,,unmatched
CP-INJ-0002940,,unmatched
CP-INJ-0001021,ENT-008995,matched
CP-INJ-0000737,ENT-005847,matched
CP-INJ-0002700,,unmatched
CP-INJ-0001950,ENT-008585,matched
CP-INJ-0002918,,unmatched
CP-INJ-0002054,ENT-006572,matched
CP-INJ-0002772,,unmatched
CP-INJ-0002023,ENT-009987,matched
CP-INJ-0000123,ENT-008794,matched
CP-INJ-0002549,,unmatched
CP-INJ-0002029,ENT-004184,matched
CP-INJ-0002667,,unmatched
CP-INJ-0002887,,unmatched
CP-INJ-0000179,ENT-000787,matched
CP-INJ-0001664,ENT-009371,matched
CP-INJ-0000053,ENT-004526,matched
CP-INJ-0001292,ENT-005987,matched
CP-INJ-0002124,ENT-008247,ambiguous
CP-INJ-0002575,,unmatched
CP-INJ-0002203,ENT-003269,ambiguous
CP-INJ-0001485,ENT-005505,matched
CP-INJ-0001207,ENT-008629,matched
CP-INJ-0002967,,unmatched
CP-INJ-0000936,ENT-005969,matched
CP-INJ-0002492,,unmatched
CP-INJ-0001030,ENT-003662,matched
CP-INJ-0000549,ENT-002739,matched
CP-INJ-0000246,ENT-004311,matched
CP-INJ-0000592,ENT-007918,matched
CP-INJ-0000239,ENT-004338,matched
CP-INJ-0002331,ENT-000725,ambiguous
CP-INJ-0002981,,unmatched
CP-INJ-0000331,ENT-003435,matched
CP-INJ-0001129,ENT-002370,matched
CP-INJ-0001553,ENT-008286,matched
CP-INJ-0000304,ENT-000385,matched
CP-INJ-0002961,,unmatched
CP-INJ-0002834,,unmatched
CP-INJ-0002409,,unmatched
CP-INJ-0002671,,unmatched
CP-INJ-0001825,ENT-003387,matched
CP-INJ-0001103,ENT-007046,matched
CP-INJ-0002634,,unmatched
CP-INJ-0001114,ENT-008269,matched
CP-INJ-0000094,ENT-005585,matched
CP-INJ-0001149,ENT-008937,matched
CP-INJ-0002374,ENT-008158,ambiguous
CP-INJ-0002440,,unmatched
CP-INJ-0000839,ENT-003609,matched
CP-INJ-0002845,,unmatched
CP-INJ-0000929,ENT-008470,matched
CP-INJ-0002894,,unmatched
CP-INJ-0000776,ENT-000020,matched
CP-INJ-0000803,ENT-007546,matched
CP-INJ-0000201,ENT-004018,matched
CP-INJ-0000420,ENT-004814,matched
CP-INJ-0000075,ENT-004602,matched
CP-INJ-0001142,ENT-000594,matched
CP-INJ-0002210,ENT-004429,ambiguous
CP-INJ-0001737,ENT-004510,matched
CP-INJ-0002322,ENT-001805,ambiguous
CP-INJ-0001744,ENT-000765,matched
CP-INJ-0000903,ENT-009509,matched
CP-INJ-0002945,,unmatched
CP-INJ-0001757,ENT-008010,matched
CP-INJ-0000503,ENT-003266,matched
CP-INJ-0002665,,unmatched
CP-INJ-0002752,,unmatched
CP-INJ-0000283,ENT-003180,matched
CP-INJ-0002694,,unmatched
CP-INJ-0002310,ENT-009051,ambiguous
CP-INJ-0000530,ENT-006314,matched
CP-INJ-0002093,ENT-008272,matched
CP-INJ-0002859,,unmatched
CP-INJ-0001913,ENT-004584,matched
CP-INJ-0002986,,unmatched
CP-INJ-0001067,ENT-000102,matched
CP-INJ-0001978,ENT-001248,matched
CP-INJ-0002366,ENT-007476,ambiguous
CP-INJ-0001602,ENT-000934,matched
CP-INJ-0001852,ENT-003759,matched
CP-INJ-0000787,ENT-003175,matched
CP-INJ-0000735,ENT-007667,matched
CP-INJ-0000210,ENT-007393,matched
CP-INJ-0000442,ENT-008276,matched
CP-INJ-0002570,,unmatched
CP-INJ-0001156,ENT-006255,matched
CP-INJ-0000134,ENT-007493,matched
CP-INJ-0000690,ENT-009127,matched
CP-INJ-0001465,ENT-005525,matched
CP-INJ-0002639,,unmatched
CP-INJ-0000197,ENT-000382,matched
CP-INJ-0001805,ENT-009711,matched
CP-INJ-0001140,ENT-008132,matched
CP-INJ-0000443,ENT-006657,matched
CP-INJ-0000727,ENT-003906,matched
CP-INJ-0001237,ENT-005046,matched
CP-INJ-0001552,ENT-009367,matched
CP-INJ-0001749,ENT-004929,matched
CP-INJ-0001861,ENT-008872,matched
CP-INJ-0000490,ENT-002518,matched
CP-INJ-0000202,ENT-007800,matched
CP-INJ-0002133,ENT-001430,ambiguous
CP-INJ-0002659,,unmatched
CP-INJ-0002852,,unmatched
CP-INJ-0001595,ENT-008980,matched
CP-INJ-0000171,ENT-007657,matched
CP-INJ-0001841,ENT-005283,matched
CP-INJ-0000855,ENT-003444,matched
CP-INJ-0002192,ENT-003841,ambiguous
CP-INJ-0001440,ENT-003432,matched
CP-INJ-0001467,ENT-002356,matched
CP-INJ-0002512,,unmatched
CP-INJ-0000871,ENT-004332,matched
CP-INJ-0001713,ENT-003824,matched
CP-INJ-0002365,ENT-001089,ambiguous
CP-INJ-0001591,ENT-006238,matched
CP-INJ-0001328,ENT-008456,matched
CP-INJ-0001769,ENT-006635,matched
CP-INJ-0000998,ENT-007391,matched
CP-INJ-0001593,ENT-005954,matched
CP-INJ-0002333,ENT-008730,ambiguous
CP-INJ-0001495,ENT-007931,matched
CP-INJ-0001454,ENT-003284,matched
CP-INJ-0000537,ENT-000536,matched
CP-INJ-0000451,ENT-006898,matched
CP-INJ-0001181,ENT-009116,matched
CP-INJ-0001673,ENT-008606,matched
CP-INJ-0000712,ENT-000098,matched
CP-INJ-0000001,ENT-002276,matched
CP-INJ-0000997,ENT-004189,matched
CP-INJ-0000401,ENT-008447,matched
CP-INJ-0000263,ENT-000403,matched
CP-INJ-0000757,ENT-007049,matched
CP-INJ-0001533,ENT-000632,matched
CP-INJ-0002926,,unmatched
CP-INJ-0002075,ENT-007313,matched
CP-INJ-0000397,ENT-008971,matched
CP-INJ-0002268,ENT-004706,ambiguous
CP-INJ-0002091,ENT-005266,matched
CP-INJ-0000515,ENT-009737,matched
CP-INJ-0001933,ENT-008539,matched
CP-INJ-0002750,,unmatched
CP-INJ-0001592,ENT-000807,matched
CP-INJ-0002957,,unmatched
CP-INJ-0001276,ENT-009634,matched
CP-INJ-0001574,ENT-000293,matched
CP-INJ-0002684,,unmatched
CP-INJ-0002109,ENT-000865,ambiguous
CP-INJ-0000268,ENT-007420,matched
CP-INJ-0002208,ENT-008350,ambiguous
CP-INJ-0002300,ENT-006233,ambiguous
CP-INJ-0000396,ENT-007330,matched
CP-INJ-0000568,ENT-006493,matched
CP-INJ-0002828,,unmatched
CP-INJ-0002670,,unmatched
CP-INJ-0000961,ENT-003313,matched
CP-INJ-0002369,ENT-001321,ambiguous
CP-INJ-0001854,ENT-001541,matched
CP-INJ-0002609,,unmatched
CP-INJ-0000379,ENT-001001,matched
CP-INJ-0001189,ENT-000332,matched
CP-INJ-0001707,ENT-009873,matched
CP-INJ-0002294,ENT-004861,ambiguous
CP-INJ-0001004,ENT-002808,matched
CP-INJ-0001813,ENT-009855,matched
CP-INJ-0000553,ENT-002512,matched
CP-INJ-0002586,,unmatched
CP-INJ-0002431,,unmatched
CP-INJ-0002193,ENT-004002,ambiguous
CP-INJ-0001970,ENT-000076,matched
CP-INJ-0000518,ENT-009953,matched
CP-INJ-0002436,,unmatched
CP-INJ-0000744,ENT-007459,matched
CP-INJ-0000527,ENT-009820,matched
CP-INJ-0001983,ENT-006061,matched
CP-INJ-0000403,ENT-004652,matched
CP-INJ-0000958,ENT-003265,matched
CP-INJ-0002361,ENT-005138,ambiguous
CP-INJ-0001284,ENT-004547,matched
CP-INJ-0002397,ENT-009479,ambiguous
CP-INJ-0002032,ENT-009327,matched
CP-INJ-0002664,,unmatched
CP-INJ-0002899,,unmatched
CP-INJ-0001472,ENT-008815,matched
CP-INJ-0001846,ENT-003776,matched
CP-INJ-0002988,,unmatched
CP-INJ-0002542,,unmatched
CP-INJ-0001643,ENT-009313,matched
CP-INJ-0002649,,unmatched
CP-INJ-0002612,,unmatched
CP-INJ-0000822,ENT-003797,matched
CP-INJ-0002199,ENT-008912,ambiguous
CP-INJ-0001926,ENT-005749,matched
CP-INJ-0000674,ENT-001369,matched
CP-INJ-0001743,ENT-007870,matched
CP-INJ-0000840,ENT-001764,matched
CP-INJ-0000054,ENT-009573,matched
CP-INJ-0000912,ENT-001708,matched
CP-INJ-0000588,ENT-009223,matched
CP-INJ-0000055,ENT-001556,matched
CP-INJ-0000882,ENT-008164,matched
CP-INJ-0002465,,unmatched
CP-INJ-0000060,ENT-008083,matched
CP-INJ-0001831,ENT-008510,matched
CP-INJ-0001098,ENT-004914,matched
CP-INJ-0000954,ENT-005229,matched
CP-INJ-0002392,ENT-009536,ambiguous
CP-INJ-0000861,ENT-000671,matched
CP-INJ-0001396,ENT-000813,matched
CP-INJ-0001522,ENT-008854,matched
CP-INJ-0002811,,unmatched
CP-INJ-0000667,ENT-006877,matched
CP-INJ-0002174,ENT-005344,ambiguous
CP-INJ-0002766,,unmatched
CP-INJ-0002660,,unmatched
CP-INJ-0001686,ENT-004630,matched
CP-INJ-0001055,ENT-005149,matched
CP-INJ-0001594,ENT-008954,matched
CP-INJ-0002914,,unmatched
CP-INJ-0002804,,unmatched
CP-INJ-0000419,ENT-008943,matched
CP-INJ-0001843,ENT-003834,matched
CP-INJ-0002855,,unmatched
CP-INJ-0001476,ENT-005159,matched
CP-INJ-0002481,,unmatched
CP-INJ-0002205,ENT-005219,ambiguous
CP-INJ-0001119,ENT-009815,matched
CP-INJ-0000393,ENT-007482,matched
CP-INJ-0002419,,unmatched
CP-INJ-0001148,ENT-003045,matched
CP-INJ-0001763,ENT-000434,matched
CP-INJ-0000662,ENT-009402,matched
CP-INJ-0002222,ENT-005790,ambiguous
CP-INJ-0000569,ENT-008183,matched
CP-INJ-0000430,ENT-009848,matched
CP-INJ-0000711,ENT-005305,matched
CP-INJ-0001629,ENT-006304,matched
CP-INJ-0000904,ENT-002838,matched
CP-INJ-0001668,ENT-002802,matched
CP-INJ-0001940,ENT-004406,matched
CP-INJ-0001693,ENT-007426,matched
CP-INJ-0000933,ENT-006492,matched
CP-INJ-0000686,ENT-000129,matched
CP-INJ-0002721,,unmatched
CP-INJ-0000505,ENT-008177,matched
CP-INJ-0001230,ENT-003957,matched
CP-INJ-0001904,ENT-002020,matched
CP-INJ-0002871,,unmatched
CP-INJ-0000188,ENT-003250,matched
CP-INJ-0001866,ENT-008571,matched
CP-INJ-0000474,ENT-002111,matched
CP-INJ-0002117,ENT-006494,ambiguous
CP-INJ-0000580,ENT-007440,matched
CP-INJ-0001832,ENT-008108,matched
CP-INJ-0002028,ENT-007192,matched
CP-INJ-0000090,ENT-003633,matched
CP-INJ-0000558,ENT-004851,matched
CP-INJ-0000238,ENT-001573,matched
CP-INJ-0001877,ENT-001262,matched
CP-INJ-0000384,ENT-005801,matched
CP-INJ-0001622,ENT-008775,matched
CP-INJ-0001606,ENT-008031,matched
CP-INJ-0002771,,unmatched
CP-INJ-0002777,,unmatched
CP-INJ-0000577,ENT-000389,matched
CP-INJ-0002686,,unmatched
CP-INJ-0001555,ENT-003572,matched
CP-INJ-0000896,ENT-002103,matched
CP-INJ-0001088,ENT-000124,matched
CP-INJ-0002576,,unmatched
CP-INJ-0001608,ENT-006832,matched
CP-INJ-0002808,,unmatched
CP-INJ-0000084,ENT-009091,matched
CP-INJ-0002970,,unmatched
CP-INJ-0002150,ENT-005172,ambiguous
CP-INJ-0000048,ENT-008455,matched
CP-INJ-0001524,ENT-000186,matched
CP-INJ-0000203,ENT-000909,matched
CP-INJ-0000561,ENT-001376,matched
CP-INJ-0000236,ENT-000244,matched
CP-INJ-0001787,ENT-003587,matched
CP-INJ-0000117,ENT-006115,matched
CP-INJ-0001800,ENT-000879,matched
CP-INJ-0002895,,unmatched
CP-INJ-0001322,ENT-009659,matched
CP-INJ-0002382,ENT-007276,ambiguous
CP-INJ-0002297,ENT-002270,ambiguous
CP-INJ-0000199,ENT-004913,matched
CP-INJ-0002236,ENT-001414,ambiguous
CP-INJ-0001761,ENT-007418,matched
CP-INJ-0002451,,unmatched
CP-INJ-0001770,ENT-007295,matched
CP-INJ-0002367,ENT-007111,ambiguous
CP-INJ-0000230,ENT-000637,matched
CP-INJ-0001448,ENT-004659,matched
CP-INJ-0002815,,unmatched
CP-INJ-0000652,ENT-002346,matched
CP-INJ-0002990,,unmatched
CP-INJ-0001167,ENT-001517,matched
CP-INJ-0000764,ENT-006928,matched
CP-INJ-0002068,ENT-002068,matched
CP-INJ-0001134,ENT-003980,matched
CP-INJ-0002404,,unmatched
CP-INJ-0000342,ENT-002622,matched
CP-INJ-0001610,ENT-008897,matched
CP-INJ-0001543,ENT-000459,matched
CP-INJ-0000604,ENT-000639,matched
CP-INJ-0002360,ENT-003688,ambiguous
CP-INJ-0002637,,unmatched
CP-INJ-0002588,,unmatched
CP-INJ-0000058,ENT-007470,matched
CP-INJ-0001706,ENT-007074,matched
CP-INJ-0001300,ENT-001277,matched
CP-INJ-0002827,,unmatched
CP-INJ-0000781,ENT-004581,matched
CP-INJ-0001873,ENT-006484,matched
CP-INJ-0000563,ENT-003704,matched
CP-INJ-0001060,ENT-008316,matched
CP-INJ-0002043,ENT-000597,matched
CP-INJ-0000469,ENT-008471,matched
CP-INJ-0002835,,unmatched
CP-INJ-0001644,ENT-005952,matched
CP-INJ-0000497,ENT-004067,matched
CP-INJ-0001868,ENT-009161,matched
CP-INJ-0002285,ENT-003170,ambiguous
CP-INJ-0002159,ENT-001684,ambiguous
CP-INJ-0002697,,unmatched
CP-INJ-0002755,,unmatched
CP-INJ-0001967,ENT-003004,matched
CP-INJ-0000124,ENT-002781,matched
CP-INJ-0001943,ENT-003909,matched
CP-INJ-0001988,ENT-007522,matched
CP-INJ-0000081,ENT-004509,matched
CP-INJ-0000773,ENT-002144,matched
CP-INJ-0000049,ENT-004384,matched
CP-INJ-0001026,ENT-006313,matched
CP-INJ-0000185,ENT-007584,matched
CP-INJ-0001393,ENT-004344,matched
CP-INJ-0000621,ENT-002545,matched
CP-INJ-0001479,ENT-004257,matched
CP-INJ-0000138,ENT-006983,matched
CP-INJ-0002872,,unmatched
CP-INJ-0001488,ENT-007601,matched
CP-INJ-0001154,ENT-001272,matched
CP-INJ-0002524,,unmatched
CP-INJ-0002284,ENT-009142,ambiguous
CP-INJ-0002934,,unmatched
CP-INJ-0002680,,unmatched
CP-INJ-0002733,,unmatched
CP-INJ-0002976,,unmatched
CP-INJ-0002395,ENT-009581,ambiguous
CP-INJ-0002518,,unmatched
CP-INJ-0000681,ENT-000524,matched
CP-INJ-0001053,ENT-000438,matched
CP-INJ-0000830,ENT-002371,matched
CP-INJ-0001082,ENT-003140,matched
CP-INJ-0001168,ENT-008911,matched
CP-INJ-0002906,,unmatched
CP-INJ-0000920,ENT-009790,matched
CP-INJ-0001632,ENT-002223,matched
CP-INJ-0000823,ENT-009540,matched
CP-INJ-0002025,ENT-001122,matched
CP-INJ-0000500,ENT-009962,matched
CP-INJ-0000542,ENT-002797,matched
CP-INJ-0001887,ENT-002875,matched
CP-INJ-0000842,ENT-006927,matched
CP-INJ-0000827,ENT-008875,matched
CP-INJ-0002885,,unmatched
CP-INJ-0000353,ENT-000025,matched
CP-INJ-0002578,,unmatched
CP-INJ-0000703,ENT-006247,matched
CP-INJ-0000349,ENT-002690,matched
CP-INJ-0000421,ENT-001378,matched
CP-INJ-0000721,ENT-003546,matched
CP-INJ-0000077,ENT-008030,matched
CP-INJ-0002579,,unmatched
CP-INJ-0002114,ENT-002742,ambiguous
CP-INJ-0000328,ENT-002539,matched
CP-INJ-0002999,,unmatched
CP-INJ-0000444,ENT-002604,matched
CP-INJ-0002663,,unmatched
CP-INJ-0002151,ENT-005383,ambiguous
CP-INJ-0001548,ENT-004950,matched
CP-INJ-0002719,,unmatched
CP-INJ-0000683,ENT-005924,matched
CP-INJ-0000881,ENT-000485,matched
CP-INJ-0002910,,unmatched
CP-INJ-0000571,ENT-005281,matched
CP-INJ-0002003,ENT-008776,matched
CP-INJ-0002115,ENT-008986,ambiguous
CP-INJ-0001948,ENT-002152,matched
CP-INJ-0000745,ENT-005537,matched
CP-INJ-0002616,,unmatched
CP-INJ-0001029,ENT-000465,matched
CP-INJ-0002080,ENT-006087,matched
CP-INJ-0000340,ENT-006701,matched
CP-INJ-0001437,ENT-008722,matched
CP-INJ-0002816,,unmatched
CP-INJ-0001791,ENT-007766,matched
CP-INJ-0002384,ENT-001768,ambiguous
CP-INJ-0001202,ENT-004065,matched
CP-INJ-0000531,ENT-008128,matched
CP-INJ-0000680,ENT-004140,matched
CP-INJ-0002466,,unmatched
CP-INJ-0001597,ENT-000968,matched
CP-INJ-0002341,ENT-004794,ambiguous
CP-INJ-0002442,,unmatched
CP-INJ-0000358,ENT-007631,matched
CP-INJ-0002234,ENT-005950,ambiguous
CP-INJ-0001162,ENT-005593,matched
CP-INJ-0000994,ENT-006021,matched
CP-INJ-0002818,,unmatched
CP-INJ-0000311,ENT-003037,matched
CP-INJ-0002601,,unmatched
CP-INJ-0002870,,unmatched
CP-INJ-0000429,ENT-003976,matched
CP-INJ-0001666,ENT-008363,matched
CP-INJ-0000575,ENT-001303,matched
CP-INJ-0000356,ENT-002619,matched
CP-INJ-0000710,ENT-002949,matched
CP-INJ-0002480,,unmatched
CP-INJ-0002141,ENT-007781,ambiguous
CP-INJ-0001529,ENT-008714,matched
CP-INJ-0002985,,unmatched
CP-INJ-0001072,ENT-002511,matched
CP-INJ-0000217,ENT-004551,matched
CP-INJ-0001575,ENT-007923,matched
CP-INJ-0000394,ENT-006158,matched
CP-INJ-0000148,ENT-009929,matched
CP-INJ-0002187,ENT-009703,ambiguous
CP-INJ-0000254,ENT-003964,matched
CP-INJ-0001198,ENT-000726,matched
CP-INJ-0002758,,unmatched
CP-INJ-0001408,ENT-004568,matched
CP-INJ-0001388,ENT-005346,matched
CP-INJ-0000988,ENT-001641,matched
CP-INJ-0002195,ENT-000203,ambiguous
CP-INJ-0001377,ENT-007471,matched
CP-INJ-0000165,ENT-006275,matched
CP-INJ-0002264,ENT-009994,ambiguous
CP-INJ-0002170,ENT-004855,ambiguous
CP-INJ-0000761,ENT-000336,matched
CP-INJ-0000601,ENT-008308,matched
CP-INJ-0002636,,unmatched
CP-INJ-0001855,ENT-000885,matched
CP-INJ-0002814,,unmatched
CP-INJ-0001293,ENT-005097,matched
CP-INJ-0002308,ENT-002198,ambiguous
CP-INJ-0001144,ENT-000707,matched
CP-INJ-0001179,ENT-008765,matched
CP-INJ-0002020,ENT-009961,matched
CP-INJ-0002340,ENT-006349,ambiguous
CP-INJ-0002563,,unmatched
CP-INJ-0002937,,unmatched
CP-INJ-0002913,,unmatched
CP-INJ-0000136,ENT-004325,matched
CP-INJ-0000552,ENT-005486,matched
CP-INJ-0000069,ENT-001193,matched
CP-INJ-0000986,ENT-006343,matched
CP-INJ-0001589,ENT-002184,matched
CP-INJ-0002223,ENT-006651,ambiguous
CP-INJ-0001797,ENT-006517,matched
CP-INJ-0001596,ENT-003650,matched
CP-INJ-0001515,ENT-002750,matched
CP-INJ-0001028,ENT-006932,matched
CP-INJ-0000934,ENT-002847,matched
CP-INJ-0000389,ENT-005723,matched
CP-INJ-0002936,,unmatched
CP-INJ-0000999,ENT-005380,matched
CP-INJ-0001150,ENT-003730,matched
CP-INJ-0001352,ENT-003356,matched
CP-INJ-0001249,ENT-009100,matched
CP-INJ-0000535,ENT-000087,matched
CP-INJ-0000441,ENT-006895,matched
CP-INJ-0000013,ENT-009173,matched
CP-INJ-0001928,ENT-008784,matched
CP-INJ-0001558,ENT-006879,matched
CP-INJ-0001112,ENT-005943,matched
CP-INJ-0001163,ENT-004011,matched
CP-INJ-0002103,ENT-001073,ambiguous
CP-INJ-0000629,ENT-001720,matched
CP-INJ-0002407,,unmatched
CP-INJ-0000466,ENT-002395,matched
CP-INJ-0002196,ENT-009789,ambiguous
CP-INJ-0001536,ENT-008370,matched
CP-INJ-0001350,ENT-004026,matched
CP-INJ-0000338,ENT-004292,matched
CP-INJ-0002861,,unmatched
CP-INJ-0000605,ENT-009206,matched
CP-INJ-0001752,ENT-003233,matched
CP-INJ-0002717,,unmatched
CP-INJ-0002244,ENT-009912,ambiguous
CP-INJ-0001310,ENT-000243,matched
CP-INJ-0001806,ENT-001164,matched
CP-INJ-0001960,ENT-003737,matched
CP-INJ-0002874,,unmatched
CP-INJ-0002099,ENT-002238,matched
CP-INJ-0000423,ENT-008110,matched
CP-INJ-0000072,ENT-008805,matched
CP-INJ-0002286,ENT-007790,ambiguous
CP-INJ-0001077,ENT-009642,matched
CP-INJ-0001360,ENT-005500,matched
CP-INJ-0002948,,unmatched
CP-INJ-0001042,ENT-003173,matched
CP-INJ-0001466,ENT-009166,matched
CP-INJ-0001546,ENT-006384,matched
CP-INJ-0001122,ENT-005851,matched
CP-INJ-0000759,ENT-006229,matched
CP-INJ-0002879,,unmatched
CP-INJ-0001742,ENT-007435,matched
CP-INJ-0002329,ENT-002122,ambiguous
CP-INJ-0002110,ENT-002502,ambiguous
CP-INJ-0001905,ENT-000425,matched
CP-INJ-0001478,ENT-004910,matched
CP-INJ-0002491,,unmatched
CP-INJ-0000368,ENT-009850,matched
CP-INJ-0001339,ENT-003141,matched
CP-INJ-0002177,ENT-006490,ambiguous
CP-INJ-0000807,ENT-001715,matched
CP-INJ-0000325,ENT-005421,matched
CP-INJ-0001110,ENT-006943,matched
CP-INJ-0000547,ENT-002943,matched
CP-INJ-0000767,ENT-006652,matched
CP-INJ-0000555,ENT-009691,matched
CP-INJ-0000154,ENT-008323,matched
CP-INJ-0002629,,unmatched
CP-INJ-0002255,ENT-001654,ambiguous
CP-INJ-0002800,,unmatched
CP-INJ-0002338,ENT-009914,ambiguous
CP-INJ-0001923,ENT-003069,matched
CP-INJ-0001295,ENT-005760,matched
CP-INJ-0002927,,unmatched
CP-INJ-0001974,ENT-007862,matched
CP-INJ-0002201,ENT-000652,ambiguous
CP-INJ-0001812,ENT-002432,matched
CP-INJ-0000819,ENT-006599,matched
CP-INJ-0001684,ENT-008463,matched
CP-INJ-0001792,ENT-008882,matched
CP-INJ-0000099,ENT-004350,matched
CP-INJ-0001798,ENT-002756,matched
CP-INJ-0000594,ENT-001098,matched
CP-INJ-0001446,ENT-004467,matched
CP-INJ-0002964,,unmatched
CP-INJ-0002778,,unmatched
CP-INJ-0000828,ENT-003144,matched
CP-INJ-0002292,ENT-002637,ambiguous
CP-INJ-0000583,ENT-008742,matched
CP-INJ-0001161,ENT-001976,matched
CP-INJ-0002000,ENT-002226,matched
CP-INJ-0002350,ENT-009707,ambiguous
CP-INJ-0000623,ENT-003960,matched
CP-INJ-0002036,ENT-000193,matched
CP-INJ-0000208,ENT-008444,matched
CP-INJ-0000212,ENT-005188,matched
CP-INJ-0000729,ENT-008160,matched
CP-INJ-0002774,,unmatched
CP-INJ-0000086,ENT-004964,matched
CP-INJ-0001283,ENT-005343,matched
CP-INJ-0001735,ENT-008845,matched
CP-INJ-0000722,ENT-000928,matched
CP-INJ-0002676,,unmatched
CP-INJ-0001486,ENT-002489,matched
CP-INJ-0001319,ENT-000774,matched
CP-INJ-0000182,ENT-005618,matched
CP-INJ-0001191,ENT-003472,matched
CP-INJ-0001998,ENT-005935,matched
CP-INJ-0001232,ENT-007262,matched
CP-INJ-0001680,ENT-000340,matched
CP-INJ-0002591,,unmatched
CP-INJ-0000897,ENT-009547,matched
CP-INJ-0002127,ENT-005165,ambiguous
CP-INJ-0000562,ENT-008846,matched
CP-INJ-0000566,ENT-009426,matched
CP-INJ-0001336,ENT-007780,matched
CP-INJ-0000666,ENT-008143,matched
CP-INJ-0000748,ENT-006522,matched
CP-INJ-0001459,ENT-005222,matched
CP-INJ-0000600,ENT-007354,matched
CP-INJ-0000287,ENT-006937,matched
CP-INJ-0002383,ENT-009006,ambiguous
CP-INJ-0002496,,unmatched
CP-INJ-0000845,ENT-003599,matched
CP-INJ-0000892,ENT-004685,matched
CP-INJ-0000644,ENT-004667,matched
CP-INJ-0002820,,unmatched
CP-INJ-0001346,ENT-004241,matched
CP-INJ-0002129,ENT-003244,ambiguous
CP-INJ-0000459,ENT-005663,matched
CP-INJ-0002423,,unmatched
CP-INJ-0001332,ENT-008025,matched
CP-INJ-0002281,ENT-008957,ambiguous
CP-INJ-0001009,ENT-006540,matched
CP-INJ-0000233,ENT-008718,matched
CP-INJ-0002689,,unmatched
CP-INJ-0002118,ENT-002893,ambiguous
CP-INJ-0000066,ENT-005920,matched
CP-INJ-0002725,,unmatched
CP-INJ-0000130,ENT-002758,matched
CP-INJ-0000753,ENT-001217,matched
CP-INJ-0000930,ENT-005512,matched
CP-INJ-0001921,ENT-009933,matched
CP-INJ-0002396,ENT-003057,ambiguous
CP-INJ-0001623,ENT-000629,matched
CP-INJ-0001634,ENT-009826,matched
CP-INJ-0002038,ENT-008362,matched
CP-INJ-0002745,,unmatched
CP-INJ-0000160,ENT-001224,matched
CP-INJ-0002056,ENT-003373,matched
CP-INJ-0000793,ENT-001307,matched
CP-INJ-0002235,ENT-005743,ambiguous
CP-INJ-0000702,ENT-008502,matched
CP-INJ-0000482,ENT-005612,matched
CP-INJ-0000044,ENT-008649,matched
CP-INJ-0001165,ENT-006130,matched
CP-INJ-0002299,ENT-003392,ambiguous
CP-INJ-0002303,ENT-006258,ambiguous
CP-INJ-0002652,,unmatched
CP-INJ-0001848,ENT-009728,matched
CP-INJ-0000455,ENT-001229,matched
CP-INJ-0001818,ENT-008216,matched
CP-INJ-0001261,ENT-000825,matched
CP-INJ-0002829,,unmatched
CP-INJ-0000534,ENT-009346,matched
CP-INJ-0001334,ENT-001519,matched
CP-INJ-0002844,,unmatched
CP-INJ-0002487,,unmatched
CP-INJ-0000945,ENT-002301,matched
CP-INJ-0001351,ENT-008802,matched
CP-INJ-0000675,ENT-008809,matched
CP-INJ-0000931,ENT-007070,matched
CP-INJ-0002026,ENT-006409,matched
CP-INJ-0001966,ENT-002159,matched
CP-INJ-0000578,ENT-001126,matched
CP-INJ-0001403,ENT-000938,matched
CP-INJ-0002653,,unmatched
CP-INJ-0002706,,unmatched
CP-INJ-0000863,ENT-007561,matched
CP-INJ-0002792,,unmatched
CP-INJ-0001534,ENT-007854,matched
CP-INJ-0001829,ENT-004984,matched
CP-INJ-0002930,,unmatched
CP-INJ-0002865,,unmatched
CP-INJ-0000245,ENT-009372,matched
CP-INJ-0002258,ENT-000247,ambiguous
CP-INJ-0002242,ENT-002041,ambiguous
CP-INJ-0001282,ENT-005256,matched
CP-INJ-0001246,ENT-004830,matched
CP-INJ-0001151,ENT-008089,matched
CP-INJ-0001299,ENT-004159,matched
CP-INJ-0002004,ENT-004938,matched
CP-INJ-0000220,ENT-008925,matched
CP-INJ-0000371,ENT-005724,matched
CP-INJ-0000889,ENT-005227,matched
CP-INJ-0000595,ENT-001456,matched
CP-INJ-0001811,ENT-005245,matched
CP-INJ-0002344,ENT-006124,ambiguous
CP-INJ-0002218,ENT-008553,ambiguous
CP-INJ-0002716,,unmatched
CP-INJ-0000661,ENT-004702,matched
CP-INJ-0002897,,unmatched
CP-INJ-0001097,ENT-005992,matched
CP-INJ-0001568,ENT-009648,matched
CP-INJ-0001356,ENT-004152,matched
CP-INJ-0001278,ENT-001770,matched
CP-INJ-0001320,ENT-007438,matched
CP-INJ-0001248,ENT-007678,matched
CP-INJ-0000029,ENT-008674,matched
CP-INJ-0000479,ENT-007032,matched
CP-INJ-0002401,,unmatched
CP-INJ-0000144,ENT-005024,matched
CP-INJ-0000496,ENT-006337,matched
CP-INJ-0001747,ENT-009688,matched
CP-INJ-0001058,ENT-008968,matched
CP-INJ-0001105,ENT-003207,matched
CP-INJ-0000814,ENT-000166,matched
CP-INJ-0000411,ENT-006973,matched
CP-INJ-0001188,ENT-008253,matched
CP-INJ-0000035,ENT-008942,matched
CP-INJ-0002071,ENT-005481,matched
CP-INJ-0001225,ENT-006947,matched
CP-INJ-0000313,ENT-006246,matched
CP-INJ-0000888,ENT-008953,matched
CP-INJ-0000995,ENT-006592,matched
CP-INJ-0001911,ENT-008855,matched
CP-INJ-0000336,ENT-001616,matched
CP-INJ-0000285,ENT-001246,matched
CP-INJ-0000458,ENT-004481,matched
CP-INJ-0001345,ENT-004603,matched
CP-INJ-0000274,ENT-003324,matched
CP-INJ-0000865,ENT-007512,matched
CP-INJ-0001040,ENT-000913,matched
CP-INJ-0002323,ENT-009749,ambiguous
CP-INJ-0002794,,unmatched
CP-INJ-0002628,,unmatched
CP-INJ-0001404,ENT-000088,matched
CP-INJ-0001556,ENT-006732,matched
CP-INJ-0001834,ENT-009410,matched
CP-INJ-0001532,ENT-001816,matched
CP-INJ-0002963,,unmatched
CP-INJ-0002568,,unmatched
CP-INJ-0002489,,unmatched
CP-INJ-0001395,ENT-003328,matched
CP-INJ-0000572,ENT-006966,matched
CP-INJ-0000754,ENT-007641,matched
CP-INJ-0000465,ENT-007269,matched
CP-INJ-0000779,ENT-006241,matched
CP-INJ-0000607,ENT-003561,matched
CP-INJ-0001265,ENT-006761,matched
CP-INJ-0002061,ENT-001598,matched
CP-INJ-0001223,ENT-005958,matched
CP-INJ-0002237,ENT-000601,ambiguous
CP-INJ-0002780,,unmatched
CP-INJ-0001302,ENT-008424,matched
CP-INJ-0002157,ENT-008452,ambiguous
CP-INJ-0002757,,unmatched
CP-INJ-0001995,ENT-006711,matched
CP-INJ-0000907,ENT-008614,matched
CP-INJ-0001991,ENT-005533,matched
CP-INJ-0002547,,unmatched
CP-INJ-0002153,ENT-003412,ambiguous
CP-INJ-0002600,,unmatched
CP-INJ-0001031,ENT-005096,matched
CP-INJ-0002432,,unmatched
CP-INJ-0002535,,unmatched
CP-INJ-0000736,ENT-002431,matched
CP-INJ-0000510,ENT-001413,matched
CP-INJ-0002143,ENT-001192,ambiguous
CP-INJ-0002572,,unmatched
CP-INJ-0000282,ENT-008240,matched
CP-INJ-0001000,ENT-007563,matched
CP-INJ-0002429,,unmatched
CP-INJ-0000162,ENT-000404,matched
CP-INJ-0000799,ENT-000002,matched
CP-INJ-0000611,ENT-007411,matched
CP-INJ-0001062,ENT-000878,matched
CP-INJ-0000006,ENT-004922,matched
CP-INJ-0001748,ENT-002981,matched
CP-INJ-0002959,,unmatched
CP-INJ-0000639,ENT-001146,matched
CP-INJ-0002279,ENT-004579,ambiguous
CP-INJ-0000749,ENT-002702,matched
CP-INJ-0002306,ENT-003762,ambiguous
CP-INJ-0001511,ENT-003575,matched
CP-INJ-0002868,,unmatched
CP-INJ-0002313,ENT-001827,ambiguous
CP-INJ-0001833,ENT-001461,matched
CP-INJ-0000305,ENT-000271,matched
CP-INJ-0002309,ENT-009267,ambiguous
CP-INJ-0002357,ENT-006662,ambiguous
CP-INJ-0000544,ENT-000600,matched
CP-INJ-0000196,ENT-006633,matched
CP-INJ-0001965,ENT-003092,matched
CP-INJ-0000536,ENT-006207,matched
CP-INJ-0002185,ENT-009700,ambiguous
CP-INJ-0000457,ENT-004098,matched
CP-INJ-0000838,ENT-005350,matched
CP-INJ-0002471,,unmatched
CP-INJ-0000726,ENT-007241,matched
CP-INJ-0001406,ENT-004661,matched
CP-INJ-0000633,ENT-006057,matched
CP-INJ-0000273,ENT-005571,matched
CP-INJ-0002803,,unmatched
CP-INJ-0001783,ENT-004612,matched
CP-INJ-0001194,ENT-006306,matched
CP-INJ-0001257,ENT-009165,matched
CP-INJ-0000791,ENT-000965,matched
CP-INJ-0000862,ENT-009852,matched
CP-INJ-0002503,,unmatched
CP-INJ-0001922,ENT-007911,matched
CP-INJ-0000470,ENT-005144,matched
CP-INJ-0000139,ENT-002411,matched
CP-INJ-0000014,ENT-002809,matched
CP-INJ-0002376,ENT-005358,ambiguous
CP-INJ-0000337,ENT-008430,matched
CP-INJ-0001433,ENT-001587,matched
CP-INJ-0001056,ENT-002042,matched
CP-INJ-0000298,ENT-001022,matched
CP-INJ-0001900,ENT-000846,matched
CP-INJ-0000978,ENT-008473,matched
CP-INJ-0002915,,unmatched
CP-INJ-0001342,ENT-002267,matched
CP-INJ-0001647,ENT-005543,matched
CP-INJ-0000512,ENT-007532,matched
CP-INJ-0001903,ENT-000492,matched
CP-INJ-0002928,,unmatched
CP-INJ-0002881,,unmatched
CP-INJ-0000418,ENT-000959,matched
CP-INJ-0000234,ENT-006375,matched
CP-INJ-0000508,ENT-005471,matched
CP-INJ-0000433,ENT-003456,matched
CP-INJ-0002904,,unmatched
CP-INJ-0001996,ENT-003865,matched
CP-INJ-0002486,,unmatched
CP-INJ-0000098,ENT-004542,matched
CP-INJ-0000163,ENT-001067,matched
CP-INJ-0001814,ENT-007263,matched
CP-INJ-0001618,ENT-001767,matched
CP-INJ-0002736,,unmatched
CP-INJ-0001790,ENT-009279,matched
CP-INJ-0002658,,unmatched
CP-INJ-0000609,ENT-003260,matched
CP-INJ-0001174,ENT-005927,matched
CP-INJ-0001502,ENT-006133,matched
CP-INJ-0002444,,unmatched
CP-INJ-0000657,ENT-008155,matched
CP-INJ-0002459,,unmatched
CP-INJ-0000315,ENT-008241,matched
CP-INJ-0002022,ENT-007665,matched
CP-INJ-0002335,ENT-000988,ambiguous
CP-INJ-0001976,ENT-008696,matched
CP-INJ-0000938,ENT-007310,matched
CP-INJ-0001802,ENT-008924,matched
CP-INJ-0001964,ENT-006653,matched
CP-INJ-0000913,ENT-005391,matched
CP-INJ-0001178,ENT-005364,matched
CP-INJ-0002468,,unmatched
CP-INJ-0001243,ENT-003407,matched
CP-INJ-0002553,,unmatched
CP-INJ-0000219,ENT-002264,matched
CP-INJ-0001217,ENT-002051,matched
CP-INJ-0000846,ENT-009221,matched
CP-INJ-0000352,ENT-000000,matched
CP-INJ-0000012,ENT-008771,matched
CP-INJ-0002548,,unmatched
CP-INJ-0000550,ENT-008428,matched
CP-INJ-0000973,ENT-002083,matched
CP-INJ-0000361,ENT-006642,matched
CP-INJ-0000716,ENT-001150,matched
CP-INJ-0001304,ENT-002154,matched
CP-INJ-0002898,,unmatched
CP-INJ-0000301,ENT-007758,matched
CP-INJ-0002428,,unmatched
CP-INJ-0001971,ENT-001156,matched
CP-INJ-0002949,,unmatched
CP-INJ-0002082,ENT-007852,matched
CP-INJ-0002611,,unmatched
CP-INJ-0000906,ENT-000722,matched
CP-INJ-0001363,ENT-007711,matched
CP-INJ-0001382,ENT-007812,matched
CP-INJ-0001288,ENT-007974,matched
CP-INJ-0000520,ENT-002438,matched
CP-INJ-0000890,ENT-008267,matched
CP-INJ-0002311,ENT-006467,ambiguous
CP-INJ-0001679,ENT-001515,matched
CP-INJ-0002121,ENT-001310,ambiguous
CP-INJ-0002996,,unmatched
CP-INJ-0001256,ENT-005542,matched
CP-INJ-0001305,ENT-002225,matched
CP-INJ-0001859,ENT-003163,matched
CP-INJ-0001906,ENT-005750,matched
CP-INJ-0002015,ENT-004744,matched
CP-INJ-0002416,,unmatched
CP-INJ-0001874,ENT-006360,matched
CP-INJ-0002248,ENT-000290,ambiguous
CP-INJ-0000910,ENT-005248,matched
CP-INJ-0000937,ENT-004722,matched
CP-INJ-0001992,ENT-003055,matched
CP-INJ-0000603,ENT-004932,matched
CP-INJ-0000872,ENT-004226,matched
CP-INJ-0000921,ENT-006788,matched
CP-INJ-0000339,ENT-006820,matched
CP-INJ-0001032,ENT-001752,matched
CP-INJ-0001324,ENT-003239,matched
CP-INJ-0001808,ENT-005015,matched
CP-INJ-0001559,ENT-006010,matched
CP-INJ-0001682,ENT-001778,matched
CP-INJ-0001100,ENT-002822,matched
CP-INJ-0002391,ENT-005098,ambiguous
CP-INJ-0001010,ENT-003096,matched
CP-INJ-0001570,ENT-004874,matched
CP-INJ-0002942,,unmatched
CP-INJ-0000176,ENT-005497,matched
CP-INJ-0000153,ENT-003565,matched
CP-INJ-0002326,ENT-004103,ambiguous
CP-INJ-0002882,,unmatched
CP-INJ-0000307,ENT-003146,matched
CP-INJ-0000061,ENT-003198,matched
CP-INJ-0001924,ENT-005813,matched
CP-INJ-0002526,,unmatched
CP-INJ-0001997,ENT-009679,matched
CP-INJ-0001853,ENT-008620,matched
CP-INJ-0000004,ENT-005386,matched
CP-INJ-0001894,ENT-002910,matched
CP-INJ-0002104,ENT-004224,ambiguous
CP-INJ-0000256,ENT-002890,matched
CP-INJ-0002298,ENT-008464,ambiguous
CP-INJ-0002469,,unmatched
CP-INJ-0000292,ENT-000444,matched
CP-INJ-0001012,ENT-006743,matched
CP-INJ-0000987,ENT-000196,matched
CP-INJ-0000651,ENT-002309,matched
CP-INJ-0001542,ENT-006503,matched
CP-INJ-0000700,ENT-005789,matched
CP-INJ-0002508,,unmatched
CP-INJ-0001902,ENT-005719,matched
CP-INJ-0002610,,unmatched
CP-INJ-0001011,ENT-008902,matched
CP-INJ-0001297,ENT-002946,matched
CP-INJ-0001957,ENT-008392,matched
CP-INJ-0000858,ENT-007796,matched
CP-INJ-0001280,ENT-001123,matched
CP-INJ-0000376,ENT-006955,matched
CP-INJ-0000146,ENT-003388,matched
CP-INJ-0001273,ENT-005888,matched
CP-INJ-0001782,ENT-003629,matched
CP-INJ-0000723,ENT-009602,matched
CP-INJ-0001982,ENT-004944,matched
CP-INJ-0000976,ENT-004494,matched
CP-INJ-0001222,ENT-007629,matched
CP-INJ-0001190,ENT-005272,matched
CP-INJ-0002744,,unmatched
CP-INJ-0001224,ENT-000442,matched
CP-INJ-0001066,ENT-009011,matched
CP-INJ-0002259,ENT-007869,ambiguous
CP-INJ-0002142,ENT-000145,ambiguous
CP-INJ-0000645,ENT-002601,matched
CP-INJ-0002880,,unmatched
CP-INJ-0000343,ENT-000094,matched
CP-INJ-0000280,ENT-009563,matched
CP-INJ-0001934,ENT-004455,matched
CP-INJ-0001116,ENT-007836,matched
CP-INJ-0001092,ENT-003898,matched
CP-INJ-0002296,ENT-002510,ambiguous
CP-INJ-0000992,ENT-003429,matched
CP-INJ-0002883,,unmatched
CP-INJ-0001361,ENT-006020,matched
CP-INJ-0002254,ENT-003903,ambiguous
CP-INJ-0002045,ENT-005122,matched
CP-INJ-0000915,ENT-000046,matched
CP-INJ-0002275,ENT-000796,ambiguous
CP-INJ-0002678,,unmatched
CP-INJ-0001007,ENT-006466,matched
CP-INJ-0001939,ENT-006587,matched
CP-INJ-0000715,ENT-003710,matched
CP-INJ-0002464,,unmatched
CP-INJ-0000046,ENT-004978,matched
CP-INJ-0001018,ENT-006569,matched
CP-INJ-0001366,ENT-004482,matched
CP-INJ-0000522,ENT-005139,matched
CP-INJ-0001296,ENT-003556,matched
CP-INJ-0002539,,unmatched
CP-INJ-0002183,ENT-009268,ambiguous
CP-INJ-0000011,ENT-006775,matched
CP-INJ-0002646,,unmatched
CP-INJ-0002900,,unmatched
CP-INJ-0001173,ENT-000363,matched
CP-INJ-0001464,ENT-003417,matched
CP-INJ-0002662,,unmatched
CP-INJ-0000156,ENT-001921,matched
CP-INJ-0001372,ENT-009894,matched
CP-INJ-0001578,ENT-008416,matched
CP-INJ-0001146,ENT-008374,matched
CP-INJ-0001118,ENT-005301,matched
CP-INJ-0002760,,unmatched
CP-INJ-0002974,,unmatched
CP-INJ-0000853,ENT-008839,matched
CP-INJ-0002783,,unmatched
CP-INJ-0000436,ENT-005064,matched
CP-INJ-0001731,ENT-001916,matched
CP-INJ-0002417,,unmatched
CP-INJ-0002738,,unmatched
CP-INJ-0001955,ENT-004753,matched
CP-INJ-0002324,ENT-000371,ambiguous
CP-INJ-0001235,ENT-001971,matched
CP-INJ-0001271,ENT-007720,matched
CP-INJ-0001039,ENT-003658,matched
CP-INJ-0001612,ENT-008028,matched
CP-INJ-0001329,ENT-006781,matched
CP-INJ-0002339,ENT-009818,ambiguous
CP-INJ-0002144,ENT-004497,ambiguous
CP-INJ-0002720,,unmatched
CP-INJ-0002101,ENT-000588,ambiguous
CP-INJ-0000557,ENT-003009,matched
CP-INJ-0001717,ENT-009980,matched
CP-INJ-0002878,,unmatched
CP-INJ-0001781,ENT-000791,matched
CP-INJ-0000450,ENT-006783,matched
CP-INJ-0000751,ENT-004788,matched
CP-INJ-0000626,ENT-000496,matched
CP-INJ-0001269,ENT-003515,matched
CP-INJ-0000385,ENT-003528,matched
CP-INJ-0002070,ENT-002366,matched
CP-INJ-0001126,ENT-000823,matched
CP-INJ-0000027,ENT-005827,matched
CP-INJ-0000747,ENT-002199,matched
CP-INJ-0002190,ENT-009023,ambiguous
CP-INJ-0002200,ENT-006768,ambiguous
CP-INJ-0001187,ENT-007672,matched
CP-INJ-0001989,ENT-002339,matched
CP-INJ-0000974,ENT-001604,matched
CP-INJ-0001931,ENT-008545,matched
CP-INJ-0000659,ENT-000495,matched
CP-INJ-0000262,ENT-005600,matched
CP-INJ-0001870,ENT-001559,matched
CP-INJ-0002754,,unmatched
CP-INJ-0002884,,unmatched
CP-INJ-0002102,ENT-004426,ambiguous
CP-INJ-0002672,,unmatched
CP-INJ-0002679,,unmatched
CP-INJ-0001626,ENT-002180,matched
CP-INJ-0001869,ENT-008547,matched
CP-INJ-0002732,,unmatched
CP-INJ-0002521,,unmatched
CP-INJ-0001538,ENT-000086,matched
CP-INJ-0002603,,unmatched
CP-INJ-0002888,,unmatched
CP-INJ-0000100,ENT-003061,matched
CP-INJ-0000272,ENT-002176,matched
CP-INJ-0001330,ENT-007088,matched
CP-INJ-0000647,ENT-000915,matched
CP-INJ-0002332,ENT-009321,ambiguous
CP-INJ-0000125,ENT-005869,matched
CP-INJ-0001550,ENT-004954,matched
CP-INJ-0000269,ENT-006581,matched
CP-INJ-0000281,ENT-003712,matched
CP-INJ-0000065,ENT-002909,matched
CP-INJ-0000167,ENT-004042,matched
CP-INJ-0000408,ENT-001450,matched
CP-INJ-0002379,ENT-008588,ambiguous
CP-INJ-0002698,,unmatched
CP-INJ-0001587,ENT-007201,matched
CP-INJ-0001653,ENT-006291,matched
CP-INJ-0002472,,unmatched
CP-INJ-0000996,ENT-008666,matched
CP-INJ-0002837,,unmatched
CP-INJ-0001901,ENT-005507,matched
CP-INJ-0000071,ENT-003213,matched
CP-INJ-0001468,ENT-008166,matched
CP-INJ-0002312,ENT-005753,ambiguous
CP-INJ-0000762,ENT-006214,matched
CP-INJ-0000634,ENT-000128,matched
CP-INJ-0000866,ENT-003993,matched
CP-INJ-0001720,ENT-002369,matched
CP-INJ-0000826,ENT-000773,matched
CP-INJ-0000025,ENT-006964,matched
CP-INJ-0001417,ENT-006640,matched
CP-INJ-0002681,,unmatched
CP-INJ-0002092,ENT-008683,matched
CP-INJ-0000367,ENT-006465,matched
CP-INJ-0000598,ENT-000749,matched
CP-INJ-0002994,,unmatched
CP-INJ-0002823,,unmatched
CP-INJ-0000613,ENT-009172,matched
CP-INJ-0002342,ENT-003113,ambiguous
CP-INJ-0001331,ENT-003137,matched
CP-INJ-0002202,ENT-001468,ambiguous
CP-INJ-0001774,ENT-000912,matched
CP-INJ-0002631,,unmatched
CP-INJ-0000494,ENT-004289,matched
CP-INJ-0001473,ENT-003279,matched
CP-INJ-0000286,ENT-008445,matched
CP-INJ-0002746,,unmatched
CP-INJ-0000699,ENT-007856,matched
CP-INJ-0000015,ENT-002324,matched
CP-INJ-0002643,,unmatched
CP-INJ-0002683,,unmatched
CP-INJ-0002064,ENT-001771,matched
CP-INJ-0002597,,unmatched
CP-INJ-0001427,ENT-006965,matched
CP-INJ-0000884,ENT-003900,matched
CP-INJ-0001655,ENT-005214,matched
CP-INJ-0002085,ENT-001678,matched
CP-INJ-0002875,,unmatched
CP-INJ-0001061,ENT-005215,matched
CP-INJ-0001463,ENT-008830,matched
CP-INJ-0002850,,unmatched
CP-INJ-0002293,ENT-006519,ambiguous
CP-INJ-0000372,ENT-001357,matched
CP-INJ-0001354,ENT-008785,matched
CP-INJ-0001407,ENT-009076,matched
CP-INJ-0000724,ENT-000361,matched
CP-INJ-0000089,ENT-001120,matched
CP-INJ-0001885,ENT-002208,matched
CP-INJ-0002505,,unmatched
CP-INJ-0001968,ENT-008403,matched
CP-INJ-0001674,ENT-002865,matched
CP-INJ-0000660,ENT-003164,matched
CP-INJ-0002083,ENT-000195,matched
CP-INJ-0000943,ENT-005179,matched
CP-INJ-0000932,ENT-000497,matched
CP-INJ-0001672,ENT-007052,matched
CP-INJ-0001788,ENT-007040,matched
CP-INJ-0001569,ENT-002347,matched
CP-INJ-0001722,ENT-009567,matched
CP-INJ-0001326,ENT-002726,matched
CP-INJ-0000198,ENT-004657,matched
CP-INJ-0002753,,unmatched
CP-INJ-0000485,ENT-009660,matched
CP-INJ-0000454,ENT-003849,matched
CP-INJ-0000501,ENT-009582,matched
CP-INJ-0001835,ENT-007747,matched
CP-INJ-0000525,ENT-009555,matched
CP-INJ-0000255,ENT-004190,matched
CP-INJ-0002462,,unmatched
CP-INJ-0001208,ENT-007735,matched
CP-INJ-0001584,ENT-002765,matched
CP-INJ-0002334,ENT-008275,ambiguous
CP-INJ-0000957,ENT-005675,matched
CP-INJ-0002490,,unmatched
CP-INJ-0001096,ENT-000521,matched
CP-INJ-0002935,,unmatched
CP-INJ-0001073,ENT-009482,matched
CP-INJ-0001512,ENT-007632,matched
CP-INJ-0000523,ENT-009944,matched
CP-INJ-0001308,ENT-000269,matched
CP-INJ-0001876,ENT-003027,matched
CP-INJ-0002536,,unmatched
CP-INJ-0000243,ENT-006786,matched
CP-INJ-0002709,,unmatched
CP-INJ-0001270,ENT-003602,matched
CP-INJ-0001886,ENT-005178,matched
CP-INJ-0002674,,unmatched
CP-INJ-0001820,ENT-004492,matched
CP-INJ-0002019,ENT-008003,matched
CP-INJ-0000591,ENT-006641,matched
CP-INJ-0002620,,unmatched
CP-INJ-0000082,ENT-002694,matched
CP-INJ-0002238,ENT-002706,ambiguous
CP-INJ-0002580,,unmatched
CP-INJ-0002741,,unmatched
CP-INJ-0001670,ENT-002974,matched
CP-INJ-0001954,ENT-008234,matched
CP-INJ-0000398,ENT-006545,matched
CP-INJ-0002893,,unmatched
CP-INJ-0001153,ENT-009467,matched
CP-INJ-0000350,ENT-009925,matched
CP-INJ-0001734,ENT-009262,matched
CP-INJ-0002321,ENT-009008,ambiguous
CP-INJ-0001451,ENT-007805,matched
CP-INJ-0002666,,unmatched
CP-INJ-0001125,ENT-007239,matched
CP-INJ-0002606,,unmatched
CP-INJ-0000763,ENT-003987,matched
CP-INJ-0001726,ENT-000975,matched
CP-INJ-0000207,ENT-003563,matched
CP-INJ-0000303,ENT-003785,matched
CP-INJ-0001430,ENT-008103,matched
CP-INJ-0002944,,unmatched
CP-INJ-0000218,ENT-007888,matched
CP-INJ-0002252,ENT-009723,ambiguous
CP-INJ-0001362,ENT-008862,matched
CP-INJ-0000953,ENT-005113,matched
CP-INJ-0002250,ENT-009976,ambiguous
CP-INJ-0001392,ENT-006935,matched
CP-INJ-0001001,ENT-009957,matched
CP-INJ-0001751,ENT-004689,matched
CP-INJ-0000240,ENT-007903,matched
CP-INJ-0000168,ENT-008913,matched
CP-INJ-0002009,ENT-002008,matched
CP-INJ-0002847,,unmatched
CP-INJ-0001727,ENT-005247,matched
CP-INJ-0002128,ENT-009726,ambiguous
CP-INJ-0001525,ENT-004997,matched
CP-INJ-0000026,ENT-007463,matched
CP-INJ-0001914,ENT-008676,matched
CP-INJ-0001131,ENT-000711,matched
CP-INJ-0001017,ENT-005220,matched
CP-INJ-0002455,,unmatched
CP-INJ-0002256,ENT-006376,ambiguous
CP-INJ-0002307,ENT-005334,ambiguous
CP-INJ-0002270,ENT-007988,ambiguous
CP-INJ-0002726,,unmatched
CP-INJ-0002262,ENT-001214,ambiguous
CP-INJ-0001456,ENT-009758,matched
CP-INJ-0000850,ENT-004790,matched
CP-INJ-0001365,ENT-009270,matched
CP-INJ-0000489,ENT-000809,matched
CP-INJ-0002550,,unmatched
CP-INJ-0001233,ENT-002795,matched
CP-INJ-0000719,ENT-000800,matched
CP-INJ-0000614,ENT-009979,matched
CP-INJ-0002727,,unmatched
CP-INJ-0001844,ENT-001373,matched
CP-INJ-0000132,ENT-004258,matched
CP-INJ-0001857,ENT-008196,matched
CP-INJ-0001530,ENT-006723,matched
CP-INJ-0002126,ENT-001552,ambiguous
CP-INJ-0000832,ENT-007139,matched
CP-INJ-0001152,ENT-000189,matched
CP-INJ-0000540,ENT-009571,matched
CP-INJ-0001619,ENT-008119,matched
CP-INJ-0000085,ENT-006176,matched
CP-INJ-0001775,ENT-004621,matched
CP-INJ-0000296,ENT-006119,matched
CP-INJ-0002207,ENT-006958,ambiguous
CP-INJ-0001635,ENT-001315,matched
CP-INJ-0000120,ENT-001166,matched
CP-INJ-0002621,,unmatched
CP-INJ-0000732,ENT-003581,matched
CP-INJ-0000768,ENT-003496,matched
CP-INJ-0001638,ENT-001993,matched
CP-INJ-0000446,ENT-002607,matched
CP-INJ-0000587,ENT-004876,matched
CP-INJ-0000460,ENT-008717,matched
CP-INJ-0000062,ENT-005060,matched
CP-INJ-0000794,ENT-008260,matched
CP-INJ-0000406,ENT-006612,matched
CP-INJ-0000507,ENT-001337,matched
CP-INJ-0002577,,unmatched
CP-INJ-0002062,ENT-001379,matched
CP-INJ-0001214,ENT-002350,matched
CP-INJ-0002618,,unmatched
CP-INJ-0002740,,unmatched
CP-INJ-0001337,ENT-003896,matched
CP-INJ-0001177,ENT-005764,matched
CP-INJ-0002817,,unmatched
CP-INJ-0000627,ENT-007142,matched
CP-INJ-0001827,ENT-000230,matched
CP-INJ-0002710,,unmatched
CP-INJ-0002916,,unmatched
CP-INJ-0001239,ENT-008288,matched
CP-INJ-0000057,ENT-000006,matched
CP-INJ-0001590,ENT-009418,matched
CP-INJ-0000780,ENT-007949,matched
CP-INJ-0000322,ENT-009139,matched
CP-INJ-0001128,ENT-001425,matched
CP-INJ-0002097,ENT-006590,matched
CP-INJ-0002768,,unmatched
CP-INJ-0002165,ENT-009607,ambiguous
CP-INJ-0001260,ENT-006373,matched
CP-INJ-0000435,ENT-009134,matched
CP-INJ-0000211,ENT-008763,matched
CP-INJ-0001158,ENT-002319,matched
CP-INJ-0001228,ENT-004161,matched
CP-INJ-0001027,ENT-000147,matched
CP-INJ-0001111,ENT-008671,matched
CP-INJ-0000765,ENT-007362,matched
CP-INJ-0002359,ENT-005695,ambiguous
CP-INJ-0002862,,unmatched
CP-INJ-0001822,ENT-005116,matched
CP-INJ-0001649,ENT-008928,matched
CP-INJ-0000709,ENT-006231,matched
CP-INJ-0002923,,unmatched
CP-INJ-0001089,ENT-003296,matched
CP-INJ-0000478,ENT-007079,matched
CP-INJ-0001075,ENT-007006,matched
CP-INJ-0001750,ENT-002806,matched
CP-INJ-0002295,ENT-008078,ambiguous
CP-INJ-0001197,ENT-002087,matched
CP-INJ-0000267,ENT-001400,matched
CP-INJ-0000656,ENT-002473,matched
CP-INJ-0000050,ENT-000176,matched
CP-INJ-0001919,ENT-001065,matched
CP-INJ-0002363,ENT-009175,ambiguous
CP-INJ-0002002,ENT-002740,matched
CP-INJ-0000590,ENT-009177,matched
CP-INJ-0000646,ENT-007510,matched
CP-INJ-0000743,ENT-009180,matched
CP-INJ-0001539,ENT-001623,matched
CP-INJ-0002179,ENT-009655,ambiguous
CP-INJ-0002037,ENT-000598,matched
CP-INJ-0001487,ENT-004436,matched
CP-INJ-0001219,ENT-003082,matched
CP-INJ-0001520,ENT-003073,matched
CP-INJ-0002613,,unmatched
CP-INJ-0002328,ENT-000248,ambiguous
CP-INJ-0001449,ENT-000493,matched
CP-INJ-0002785,,unmatched
CP-INJ-0000928,ENT-005909,matched
CP-INJ-0002473,,unmatched
CP-INJ-0000570,ENT-000322,matched
CP-INJ-0002498,,unmatched
CP-INJ-0002495,,unmatched
CP-INJ-0001159,ENT-009836,matched
CP-INJ-0002314,ENT-006325,ambiguous
CP-INJ-0002087,ENT-002248,matched
CP-INJ-0001043,ENT-008961,matched
CP-INJ-0000551,ENT-000811,matched
CP-INJ-0000010,ENT-001922,matched
CP-INJ-0001579,ENT-005688,matched
CP-INJ-0002627,,unmatched
CP-INJ-0000432,ENT-001518,matched
CP-INJ-0001234,ENT-003810,matched
CP-INJ-0001616,ENT-003886,matched
CP-INJ-0001938,ENT-004153,matched
CP-INJ-0001659,ENT-005054,matched
CP-INJ-0001038,ENT-002565,matched
CP-INJ-0000009,ENT-009245,matched
CP-INJ-0002582,,unmatched
CP-INJ-0000431,ENT-008535,matched
CP-INJ-0000076,ENT-009579,matched
CP-INJ-0001101,ENT-001293,matched
CP-INJ-0002433,,unmatched
CP-INJ-0001897,ENT-009729,matched
CP-INJ-0001531,ENT-003286,matched
CP-INJ-0002822,,unmatched
CP-INJ-0000618,ENT-008063,matched
CP-INJ-0000241,ENT-008138,matched
CP-INJ-0001685,ENT-001512,matched
CP-INJ-0000175,ENT-002026,matched
CP-INJ-0002349,ENT-006141,ambiguous
CP-INJ-0001521,ENT-005270,matched
CP-INJ-0001132,ENT-006265,matched
CP-INJ-0002922,,unmatched
CP-INJ-0000952,ENT-000866,matched
CP-INJ-0002372,ENT-004083,ambiguous
CP-INJ-0001102,ENT-001365,matched
CP-INJ-0001628,ENT-002201,matched
CP-INJ-0002458,,unmatched
CP-INJ-0000885,ENT-002231,matched
CP-INJ-0002704,,unmatched
CP-INJ-0000548,ENT-007457,matched
CP-INJ-0001683,ENT-006629,matched
CP-INJ-0002149,ENT-006996,ambiguous
CP-INJ-0002155,ENT-009096,ambiguous
CP-INJ-0000579,ENT-004282,matched
CP-INJ-0002824,,unmatched
CP-INJ-0002533,,unmatched
CP-INJ-0002992,,unmatched
CP-INJ-0001918,ENT-006526,matched
CP-INJ-0000692,ENT-001374,matched
CP-INJ-0000289,ENT-003289,matched
CP-INJ-0000909,ENT-000950,matched
CP-INJ-0001815,ENT-007670,matched
CP-INJ-0002073,ENT-006168,matched
CP-INJ-0000312,ENT-001012,matched
CP-INJ-0001694,ENT-007801,matched
CP-INJ-0001984,ENT-009584,matched
CP-INJ-0001145,ENT-007765,matched
CP-INJ-0002112,ENT-003884,ambiguous
CP-INJ-0000383,ENT-003492,matched
CP-INJ-0000225,ENT-007364,matched
CP-INJ-0001883,ENT-007628,matched
CP-INJ-0002042,ENT-001590,matched
CP-INJ-0000316,ENT-006434,matched
CP-INJ-0000135,ENT-008257,matched
CP-INJ-0002319,ENT-008856,ambiguous
CP-INJ-0001607,ENT-005095,matched
CP-INJ-0001192,ENT-003494,matched
CP-INJ-0001492,ENT-006795,matched
CP-INJ-0001387,ENT-002181,matched
CP-INJ-0002148,ENT-003826,ambiguous
CP-INJ-0001523,ENT-007824,matched
CP-INJ-0002838,,unmatched
CP-INJ-0002077,ENT-002405,matched
CP-INJ-0001953,ENT-001287,matched
CP-INJ-0001413,ENT-004469,matched
CP-INJ-0000257,ENT-007610,matched
CP-INJ-0001175,ENT-001757,matched
CP-INJ-0001052,ENT-009114,matched
CP-INJ-0002446,,unmatched
CP-INJ-0000471,ENT-002885,matched
CP-INJ-0001586,ENT-006749,matched
CP-INJ-0002789,,unmatched
CP-INJ-0002230,ENT-008622,ambiguous
CP-INJ-0001585,ENT-005552,matched
CP-INJ-0000437,ENT-001565,matched
CP-INJ-0002890,,unmatched
CP-INJ-0002007,ENT-009631,matched
CP-INJ-0000392,ENT-008772,matched
CP-INJ-0000567,ENT-001361,matched
CP-INJ-0001826,ENT-007970,matched
CP-INJ-0000354,ENT-005579,matched
CP-INJ-0002439,,unmatched
CP-INJ-0002013,ENT-004524,matched
CP-INJ-0002799,,unmatched
CP-INJ-0001758,ENT-009461,matched
CP-INJ-0001561,ENT-005073,matched
CP-INJ-0002086,ENT-007388,matched
CP-INJ-0002567,,unmatched
CP-INJ-0001665,ENT-007246,matched
CP-INJ-0002267,ENT-008706,ambiguous
CP-INJ-0000821,ENT-009683,matched
CP-INJ-0002595,,unmatched
CP-INJ-0000688,ENT-005566,matched
CP-INJ-0000073,ENT-001345,matched
CP-INJ-0002065,ENT-005528,matched
CP-INJ-0002209,ENT-003723,ambiguous
CP-INJ-0001104,ENT-006330,matched
CP-INJ-0000728,ENT-000874,matched
CP-INJ-0002189,ENT-004781,ambiguous
CP-INJ-0001303,ENT-006847,matched
CP-INJ-0000951,ENT-001586,matched
CP-INJ-0002044,ENT-001114,matched
CP-INJ-0002960,,unmatched
CP-INJ-0002441,,unmatched
CP-INJ-0000980,ENT-005295,matched
CP-INJ-0001786,ENT-007708,matched
CP-INJ-0000810,ENT-009591,matched
CP-INJ-0002581,,unmatched
CP-INJ-0000391,ENT-008728,matched
CP-INJ-0000967,ENT-009121,matched
CP-INJ-0000948,ENT-008914,matched
CP-INJ-0002846,,unmatched
CP-INJ-0000302,ENT-005706,matched
CP-INJ-0002761,,unmatched
CP-INJ-0001562,ENT-008005,matched
CP-INJ-0002565,,unmatched
CP-INJ-0002529,,unmatched
CP-INJ-0001567,ENT-007473,matched
CP-INJ-0001171,ENT-007500,matched
CP-INJ-0001557,ENT-005006,matched
CP-INJ-0000790,ENT-009510,matched
CP-INJ-0000359,ENT-006189,matched
CP-INJ-0000984,ENT-004166,matched
CP-INJ-0001186,ENT-009596,matched
CP-INJ-0000975,ENT-000985,matched
CP-INJ-0001461,ENT-001060,matched
CP-INJ-0001892,ENT-005472,matched
CP-INJ-0002249,ENT-005082,ambiguous
CP-INJ-0002239,ENT-007486,ambiguous
CP-INJ-0001582,ENT-009626,matched
CP-INJ-0002078,ENT-002961,matched
CP-INJ-0000300,ENT-003962,matched
CP-INJ-0000477,ENT-003929,matched
CP-INJ-0000559,ENT-008906,matched
CP-INJ-0001380,ENT-000558,matched
CP-INJ-0002515,,unmatched
CP-INJ-0002907,,unmatched
CP-INJ-0001383,ENT-001472,matched
CP-INJ-0002781,,unmatched
CP-INJ-0002641,,unmatched
CP-INJ-0000402,ENT-000344,matched
CP-INJ-0001240,ENT-000961,matched
CP-INJ-0001630,ENT-003263,matched
CP-INJ-0001993,ENT-009240,matched
CP-INJ-0001642,ENT-005008,matched
CP-INJ-0002534,,unmatched
CP-INJ-0002594,,unmatched
CP-INJ-0001199,ENT-004445,matched
CP-INJ-0002435,,unmatched
CP-INJ-0001916,ENT-001803,matched
CP-INJ-0002782,,unmatched
CP-INJ-0000876,ENT-007343,matched
CP-INJ-0000636,ENT-000489,matched
CP-INJ-0001084,ENT-009029,matched
CP-INJ-0001013,ENT-002178,matched
CP-INJ-0002405,,unmatched
CP-INJ-0002422,,unmatched
CP-INJ-0001600,ENT-005703,matched
CP-INJ-0000180,ENT-005280,matched
CP-INJ-0001106,ENT-005705,matched
CP-INJ-0000395,ENT-009704,matched
CP-INJ-0001445,ENT-006552,matched
CP-INJ-0000259,ENT-009732,matched
CP-INJ-0000649,ENT-008695,matched
CP-INJ-0001691,ENT-003758,matched
CP-INJ-0001275,ENT-008524,matched
CP-INJ-0001212,ENT-008343,matched
CP-INJ-0001513,ENT-003857,matched
CP-INJ-0001526,ENT-005976,matched
CP-INJ-0002164,ENT-004157,ambiguous
CP-INJ-0001287,ENT-006131,matched
CP-INJ-0001272,ENT-000191,matched
CP-INJ-0000228,ENT-008515,matched
CP-INJ-0000173,ENT-004577,matched
CP-INJ-0000128,ENT-008074,matched
CP-INJ-0002924,,unmatched
CP-INJ-0001250,ENT-008618,matched
CP-INJ-0002545,,unmatched
CP-INJ-0002273,ENT-007984,ambiguous
CP-INJ-0002377,ENT-006082,ambiguous
CP-INJ-0000941,ENT-003035,matched
CP-INJ-0000042,ENT-007920,matched
CP-INJ-0002805,,unmatched
CP-INJ-0002554,,unmatched
CP-INJ-0001391,ENT-006658,matched
CP-INJ-0001753,ENT-008769,matched
CP-INJ-0001085,ENT-008828,matched
CP-INJ-0001424,ENT-003967,matched
CP-INJ-0002113,ENT-002164,ambiguous
CP-INJ-0001069,ENT-009375,matched
CP-INJ-0002253,ENT-007002,ambiguous
CP-INJ-0001687,ENT-008559,matched
CP-INJ-0000242,ENT-009198,matched
CP-INJ-0001972,ENT-003281,matched
CP-INJ-0001768,ENT-005186,matched
CP-INJ-0002692,,unmatched
CP-INJ-0000560,ENT-000067,matched
CP-INJ-0001541,ENT-001348,matched
CP-INJ-0002100,ENT-000744,ambiguous
CP-INJ-0002274,ENT-003560,ambiguous
CP-INJ-0000021,ENT-000793,matched
CP-INJ-0002167,ENT-009931,ambiguous
CP-INJ-0000804,ENT-001154,matched
CP-INJ-0000131,ENT-003815,matched
CP-INJ-0001641,ENT-002027,matched
CP-INJ-0000879,ENT-005474,matched
CP-INJ-0000008,ENT-003532,matched
CP-INJ-0000673,ENT-004848,matched
CP-INJ-0000582,ENT-008282,matched
CP-INJ-0001087,ENT-005791,matched
CP-INJ-0001389,ENT-006991,matched
CP-INJ-0002711,,unmatched
CP-INJ-0000972,ENT-004711,matched
CP-INJ-0000271,ENT-001726,matched
CP-INJ-0002479,,unmatched
CP-INJ-0002403,,unmatched
CP-INJ-0000434,ENT-005929,matched
CP-INJ-0001796,ENT-004961,matched
CP-INJ-0002467,,unmatched
CP-INJ-0000859,ENT-006227,matched
CP-INJ-0000276,ENT-008699,matched
CP-INJ-0000676,ENT-000875,matched
CP-INJ-0001267,ENT-003368,matched
CP-INJ-0001041,ENT-000656,matched
CP-INJ-0001314,ENT-008357,matched
CP-INJ-0000491,ENT-000162,matched
CP-INJ-0002443,,unmatched
CP-INJ-0001946,ENT-004898,matched
CP-INJ-0000366,ENT-009039,matched
CP-INJ-0000916,ENT-002272,matched
CP-INJ-0002925,,unmatched
CP-INJ-0002520,,unmatched
CP-INJ-0001231,ENT-005319,matched
CP-INJ-0002225,ENT-000560,ambiguous
CP-INJ-0002626,,unmatched
CP-INJ-0001942,ENT-004362,matched
CP-INJ-0001907,ENT-002430,matched
CP-INJ-0002767,,unmatched
CP-INJ-0000648,ENT-002343,matched
CP-INJ-0002933,,unmatched
CP-INJ-0000110,ENT-006167,matched
CP-INJ-0002074,ENT-002414,matched
CP-INJ-0001291,ENT-008451,matched
CP-INJ-0001912,ENT-009773,matched
CP-INJ-0002231,ENT-003555,ambiguous
CP-INJ-0000684,ENT-005825,matched
CP-INJ-0000733,ENT-001646,matched
CP-INJ-0001432,ENT-003241,matched
CP-INJ-0000693,ENT-008527,matched
CP-INJ-0002812,,unmatched
CP-INJ-0000462,ENT-006591,matched
CP-INJ-0000927,ENT-001209,matched
CP-INJ-0001549,ENT-002636,matched
CP-INJ-0001975,ENT-004320,matched
CP-INJ-0000039,ENT-009325,matched
CP-INJ-0001120,ENT-000808,matched
CP-INJ-0001810,ENT-004275,matched
CP-INJ-0000486,ENT-008736,matched
CP-INJ-0002564,,unmatched
CP-INJ-0002040,ENT-004688,matched
CP-INJ-0001157,ENT-003117,matched
CP-INJ-0000899,ENT-003657,matched
CP-INJ-0002979,,unmatched
CP-INJ-0000597,ENT-001719,matched
CP-INJ-0000480,ENT-003271,matched
CP-INJ-0002041,ENT-006785,matched
CP-INJ-0002241,ENT-002150,ambiguous
CP-INJ-0002510,,unmatched
CP-INJ-0001241,ENT-001457,matched
CP-INJ-0002454,,unmatched
CP-INJ-0002538,,unmatched
CP-INJ-0000087,ENT-001271,matched
CP-INJ-0000869,ENT-004992,matched
CP-INJ-0000585,ENT-006478,matched
CP-INJ-0001076,ENT-009355,matched
CP-INJ-0002571,,unmatched
CP-INJ-0002315,ENT-000555,ambiguous
CP-INJ-0001425,ENT-002436,matched
CP-INJ-0001080,ENT-005153,matched
CP-INJ-0002583,,unmatched
CP-INJ-0001375,ENT-006611,matched
CP-INJ-0001540,ENT-008594,matched
CP-INJ-0002896,,unmatched
CP-INJ-0000877,ENT-004196,matched
CP-INJ-0001779,ENT-003246,matched
CP-INJ-0001937,ENT-008787,matched
CP-INJ-0000772,ENT-000882,matched
CP-INJ-0000414,ENT-002843,matched
CP-INJ-0001714,ENT-005902,matched
CP-INJ-0000800,ENT-000620,matched
CP-INJ-0002787,,unmatched
CP-INJ-0000789,ENT-006707,matched
CP-INJ-0002375,ENT-001443,ambiguous
CP-INJ-0002348,ENT-009193,ambiguous
CP-INJ-0001736,ENT-002975,matched
CP-INJ-0000538,ENT-006779,matched
CP-INJ-0002084,ENT-001894,matched
CP-INJ-0000944,ENT-009079,matched
CP-INJ-0002909,,unmatched
CP-INJ-0001738,ENT-002841,matched
CP-INJ-0001708,ENT-003997,matched
CP-INJ-0001130,ENT-003893,matched
CP-INJ-0001226,ENT-009304,matched
CP-INJ-0002352,ENT-007039,ambiguous
CP-INJ-0002420,,unmatched
CP-INJ-0000615,ENT-005452,matched
CP-INJ-0001908,ENT-006091,matched
CP-INJ-0000064,ENT-008207,matched
CP-INJ-0000796,ENT-007452,matched
CP-INJ-0002380,ENT-000674,ambiguous
CP-INJ-0002819,,unmatched
CP-INJ-0001355,ENT-008751,matched
CP-INJ-0001398,ENT-005545,matched
CP-INJ-0001251,ENT-005797,matched
CP-INJ-0001663,ENT-000200,matched
CP-INJ-0000310,ENT-009768,matched
CP-INJ-0002839,,unmatched
CP-INJ-0000593,ENT-008060,matched
CP-INJ-0000264,ENT-000748,matched
CP-INJ-0001875,ENT-009812,matched
CP-INJ-0001613,ENT-005645,matched
CP-INJ-0001397,ENT-003143,matched
CP-INJ-0000701,ENT-002954,matched
CP-INJ-0002604,,unmatched
CP-INJ-0002125,ENT-007579,ambiguous
CP-INJ-0001462,ENT-003430,matched
CP-INJ-0000990,ENT-003701,matched
CP-INJ-0001484,ENT-006309,matched
CP-INJ-0001932,ENT-009759,matched
CP-INJ-0001123,ENT-002307,matched
CP-INJ-0001367,ENT-000653,matched
CP-INJ-0002873,,unmatched
CP-INJ-0001898,ENT-000980,matched
CP-INJ-0000265,ENT-008048,matched
CP-INJ-0002939,,unmatched
CP-INJ-0001969,ENT-006890,matched
CP-INJ-0000309,ENT-008710,matched
CP-INJ-0000630,ENT-003010,matched
CP-INJ-0002739,,unmatched
CP-INJ-0002261,ENT-006706,ambiguous
CP-INJ-0000965,ENT-005445,matched
CP-INJ-0001631,ENT-009271,matched
CP-INJ-0000795,ENT-008685,matched
CP-INJ-0002607,,unmatched
CP-INJ-0002169,ENT-005075,ambiguous
CP-INJ-0001394,ENT-009680,matched
CP-INJ-0001773,ENT-009424,matched
CP-INJ-0002437,,unmatched
CP-INJ-0002033,ENT-000268,matched
CP-INJ-0001728,ENT-006416,matched
CP-INJ-0002557,,unmatched
CP-INJ-0001203,ENT-007688,matched
CP-INJ-0001565,ENT-007273,matched
CP-INJ-0001078,ENT-002013,matched
CP-INJ-0002434,,unmatched
CP-INJ-0000631,ENT-008100,matched
CP-INJ-0001184,ENT-003522,matched
CP-INJ-0001359,ENT-004410,matched
CP-INJ-0001580,ENT-002384,matched
CP-INJ-0002802,,unmatched
CP-INJ-0001614,ENT-007566,matched
CP-INJ-0001910,ENT-000903,matched
CP-INJ-0001771,ENT-009449,matched
CP-INJ-0000495,ENT-009988,matched
CP-INJ-0001915,ENT-007713,matched
CP-INJ-0000622,ENT-004225,matched
CP-INJ-0002318,ENT-007692,ambiguous
CP-INJ-0002049,ENT-003196,matched
CP-INJ-0000738,ENT-006694,matched
CP-INJ-0002449,,unmatched
CP-INJ-0002713,,unmatched
CP-INJ-0001216,ENT-008301,matched
CP-INJ-0001090,ENT-002743,matched
CP-INJ-0002245,ENT-002924,ambiguous
CP-INJ-0001658,ENT-007428,matched
CP-INJ-0001370,ENT-006813,matched
CP-INJ-0000190,ENT-004501,matched
CP-INJ-0002460,,unmatched
CP-INJ-0000533,ENT-001332,matched
CP-INJ-0000502,ENT-004294,matched
CP-INJ-0002917,,unmatched
CP-INJ-0000960,ENT-002544,matched
CP-INJ-0000258,ENT-006792,matched
CP-INJ-0001210,ENT-008578,matched
CP-INJ-0002173,ENT-000806,ambiguous
CP-INJ-0002188,ENT-006372,ambiguous
CP-INJ-0002354,ENT-009831,ambiguous
CP-INJ-0000038,ENT-009063,matched
CP-INJ-0000714,ENT-006862,matched
CP-INJ-0001721,ENT-007875,matched
CP-INJ-0000109,ENT-002671,matched
CP-INJ-0002079,ENT-001037,matched
CP-INJ-0001828,ENT-006574,matched
CP-INJ-0001369,ENT-000428,matched
CP-INJ-0002791,,unmatched
CP-INJ-0000689,ENT-007334,matched
CP-INJ-0000774,ENT-001017,matched
CP-INJ-0000708,ENT-000533,matched
CP-INJ-0002763,,unmatched
CP-INJ-0000868,ENT-009237,matched
CP-INJ-0002833,,unmatched
CP-INJ-0001762,ENT-006699,matched
CP-INJ-0000223,ENT-003127,matched
CP-INJ-0002673,,unmatched
CP-INJ-0000195,ENT-009546,matched
CP-INJ-0001777,ENT-005499,matched
CP-INJ-0002978,,unmatched
CP-INJ-0001385,ENT-004468,matched
CP-INJ-0001544,ENT-009779,matched
CP-INJ-0001410,ENT-001054,matched
CP-INJ-0001566,ENT-001119,matched
CP-INJ-0000766,ENT-001936,matched
CP-INJ-0000991,ENT-001710,matched
CP-INJ-0000788,ENT-005800,matched
CP-INJ-0001008,ENT-004726,matched
CP-INJ-0002947,,unmatched
CP-INJ-0000993,ENT-003338,matched
CP-INJ-0001615,ENT-000126,matched
CP-INJ-0002592,,unmatched
CP-INJ-0000860,ENT-002719,matched
CP-INJ-0002759,,unmatched
CP-INJ-0002555,,unmatched
CP-INJ-0002593,,unmatched
CP-INJ-0001504,ENT-002590,matched
CP-INJ-0002623,,unmatched
CP-INJ-0000887,ENT-008651,matched
CP-INJ-0002544,,unmatched
CP-INJ-0001435,ENT-007768,matched
CP-INJ-0001281,ENT-002503,matched
CP-INJ-0000020,ENT-000055,matched
CP-INJ-0000805,ENT-001543,matched
CP-INJ-0000108,ENT-005874,matched
CP-INJ-0002426,,unmatched
CP-INJ-0002356,ENT-000370,ambiguous
CP-INJ-0000250,ENT-000182,matched
CP-INJ-0002345,ENT-007047,ambiguous
CP-INJ-0002005,ENT-007635,matched
CP-INJ-0000137,ENT-005515,matched
CP-INJ-0001020,ENT-004895,matched
CP-INJ-0001856,ENT-009183,matched
CP-INJ-0001242,ENT-007578,matched
CP-INJ-0002982,,unmatched
CP-INJ-0000115,ENT-008347,matched
CP-INJ-0000880,ENT-004952,matched
CP-INJ-0000752,ENT-005975,matched
CP-INJ-0000785,ENT-005899,matched
CP-INJ-0001006,ENT-004248,matched
CP-INJ-0002825,,unmatched
CP-INJ-0001601,ENT-009532,matched
CP-INJ-0000670,ENT-003833,matched
CP-INJ-0000905,ENT-008508,matched
CP-INJ-0001083,ENT-007540,matched
CP-INJ-0000895,ENT-000883,matched
CP-INJ-0000891,ENT-004758,matched
CP-INJ-0001519,ENT-001347,matched
CP-INJ-0002864,,unmatched
CP-INJ-0000151,ENT-009459,matched
CP-INJ-0002024,ENT-000698,matched
CP-INJ-0002650,,unmatched
CP-INJ-0001182,ENT-007733,matched
CP-INJ-0002058,ENT-003988,matched
CP-INJ-0001215,ENT-005826,matched
CP-INJ-0000347,ENT-005166,matched
CP-INJ-0001348,ENT-007159,matched
CP-INJ-0000908,ENT-001986,matched
CP-INJ-0002731,,unmatched
CP-INJ-0001421,ENT-000589,matched
CP-INJ-0001494,ENT-003939,matched
CP-INJ-0001715,ENT-000647,matched
CP-INJ-0001277,ENT-008093,matched
CP-INJ-0002796,,unmatched
CP-INJ-0002784,,unmatched
CP-INJ-0000824,ENT-003054,matched
CP-INJ-0001247,ENT-007698,matched
CP-INJ-0001441,ENT-004146,matched
CP-INJ-0002950,,unmatched
CP-INJ-0002400,,unmatched
CP-INJ-0000456,ENT-009302,matched
CP-INJ-0001657,ENT-001985,matched
CP-INJ-0002456,,unmatched
CP-INJ-0001745,ENT-003013,matched
CP-INJ-0002457,,unmatched
CP-INJ-0001862,ENT-001904,matched
CP-INJ-0001364,ENT-000931,matched
CP-INJ-0002540,,unmatched
CP-INJ-0002483,,unmatched
CP-INJ-0001455,ENT-000291,matched
CP-INJ-0002154,ENT-000047,ambiguous
CP-INJ-0000950,ENT-007194,matched
CP-INJ-0002066,ENT-001893,matched
CP-INJ-0001423,ENT-002602,matched
CP-INJ-0001776,ENT-006889,matched
CP-INJ-0000524,ENT-008020,matched
CP-INJ-0001469,ENT-007116,matched
CP-INJ-0002388,ENT-003956,ambiguous
CP-INJ-0002130,ENT-002081,ambiguous
CP-INJ-0000956,ENT-002463,matched
CP-INJ-0001935,ENT-000066,matched
CP-INJ-0001677,ENT-003063,matched
CP-INJ-0002953,,unmatched
CP-INJ-0001418,ENT-008352,matched
CP-INJ-0000374,ENT-009288,matched
CP-INJ-0000734,ENT-007783,matched
CP-INJ-0001137,ENT-005693,matched
CP-INJ-0002946,,unmatched
CP-INJ-0002246,ENT-006353,ambiguous
CP-INJ-0002849,,unmatched
CP-INJ-0002393,ENT-009928,ambiguous
CP-INJ-0002622,,unmatched
CP-INJ-0001155,ENT-002228,matched
CP-INJ-0000390,ENT-001707,matched
CP-INJ-0001527,ENT-005224,matched
CP-INJ-0001414,ENT-002859,matched
CP-INJ-0001169,ENT-000194,matched
CP-INJ-0000616,ENT-004651,matched
CP-INJ-0000088,ENT-005755,matched
CP-INJ-0001378,ENT-008610,matched
CP-INJ-0001849,ENT-000854,matched
CP-INJ-0002696,,unmatched
CP-INJ-0001474,ENT-000419,matched
CP-INJ-0002418,,unmatched
CP-INJ-0001891,ENT-008938,matched
CP-INJ-0001962,ENT-000289,matched
CP-INJ-0000638,ENT-005216,matched
CP-INJ-0000380,ENT-008652,matched
CP-INJ-0000777,ENT-006193,matched
CP-INJ-0002707,,unmatched
CP-INJ-0000016,ENT-000305,matched
CP-INJ-0000812,ENT-000798,matched
CP-INJ-0002932,,unmatched
CP-INJ-0001823,ENT-007086,matched
CP-INJ-0002410,,unmatched
CP-INJ-0000122,ENT-002807,matched
CP-INJ-0002137,ENT-001644,ambiguous
CP-INJ-0000867,ENT-004802,matched
CP-INJ-0001439,ENT-001339,matched
CP-INJ-0001286,ENT-009158,matched
CP-INJ-0001652,ENT-004535,matched
CP-INJ-0001113,ENT-007961,matched
CP-INJ-0000158,ENT-003693,matched
CP-INJ-0002528,,unmatched
CP-INJ-0001490,ENT-001642,matched
CP-INJ-0002830,,unmatched
CP-INJ-0001564,ENT-004283,matched
CP-INJ-0000498,ENT-005311,matched
CP-INJ-0002168,ENT-003366,ambiguous
CP-INJ-0001068,ENT-009170,matched
CP-INJ-0002412,,unmatched
CP-INJ-0002463,,unmatched
CP-INJ-0002006,ENT-002403,matched
CP-INJ-0002140,ENT-001716,ambiguous
CP-INJ-0001025,ENT-007448,matched
CP-INJ-0000820,ENT-006305,matched
CP-INJ-0001046,ENT-009537,matched
CP-INJ-0001136,ENT-005143,matched
CP-INJ-0002347,ENT-005072,ambiguous
CP-INJ-0000678,ENT-004303,matched
CP-INJ-0001819,ENT-006387,matched
CP-INJ-0002585,,unmatched
CP-INJ-0001059,ENT-009673,matched
CP-INJ-0002836,,unmatched
CP-INJ-0001537,ENT-003238,matched
CP-INJ-0002826,,unmatched
CP-INJ-0002590,,unmatched
CP-INJ-0002122,ENT-003925,ambiguous
CP-INJ-0002561,,unmatched
CP-INJ-0000971,ENT-001121,matched
CP-INJ-0002798,,unmatched
CP-INJ-0002543,,unmatched
CP-INJ-0001896,ENT-000841,matched
CP-INJ-0000663,ENT-007503,matched
CP-INJ-0002394,ENT-005332,ambiguous
CP-INJ-0000270,ENT-000962,matched
CP-INJ-0002337,ENT-001650,ambiguous
CP-INJ-0001477,ENT-000506,matched
CP-INJ-0000864,ENT-006292,matched
CP-INJ-0000940,ENT-006276,matched
CP-INJ-0001867,ENT-003256,matched
CP-INJ-0001301,ENT-007319,matched
CP-INJ-0000164,ENT-008037,matched
CP-INJ-0002860,,unmatched
CP-INJ-0002712,,unmatched
CP-INJ-0002453,,unmatched
CP-INJ-0001420,ENT-004126,matched
CP-INJ-0000476,ENT-009725,matched
CP-INJ-0002773,,unmatched
CP-INJ-0000725,ENT-008168,matched
CP-INJ-0002514,,unmatched
CP-INJ-0002216,ENT-004615,ambiguous
CP-INJ-0001501,ENT-005635,matched
CP-INJ-0000962,ENT-009625,matched
CP-INJ-0000632,ENT-002497,matched
CP-INJ-0000237,ENT-009393,matched
CP-INJ-0000404,ENT-003347,matched
CP-INJ-0000918,ENT-000519,matched
CP-INJ-0000308,ENT-006315,matched
CP-INJ-0002813,,unmatched
CP-INJ-0001402,ENT-005041,matched
CP-INJ-0001390,ENT-005911,matched
CP-INJ-0000856,ENT-005991,matched
CP-INJ-0000922,ENT-009111,matched
CP-INJ-0001766,ENT-006816,matched
CP-INJ-0002134,ENT-001004,ambiguous
CP-INJ-0001764,ENT-008454,matched
CP-INJ-0001213,ENT-009946,matched
CP-INJ-0001571,ENT-002143,matched
CP-INJ-0001313,ENT-001030,matched
CP-INJ-0001709,ENT-002886,matched
CP-INJ-0001399,ENT-003615,matched
CP-INJ-0000278,ENT-004473,matched
CP-INJ-0001661,ENT-007764,matched
CP-INJ-0002701,,unmatched
CP-INJ-0000290,ENT-007774,matched
CP-INJ-0000705,ENT-000906,matched
CP-INJ-0000051,ENT-001669,matched
CP-INJ-0000294,ENT-002336,matched
CP-INJ-0001127,ENT-009043,matched
CP-INJ-0001701,ENT-007375,matched
CP-INJ-0002516,,unmatched
CP-INJ-0000873,ENT-009071,matched
CP-INJ-0001049,ENT-003892,matched
CP-INJ-0000205,ENT-003684,matched
CP-INJ-0000333,ENT-007453,matched
CP-INJ-0000521,ENT-004820,matched
CP-INJ-0002233,ENT-007117,ambiguous
CP-INJ-0001195,ENT-006664,matched
CP-INJ-0000439,ENT-006594,matched
CP-INJ-0001343,ENT-005203,matched
CP-INJ-0000898,ENT-007580,matched
CP-INJ-0000063,ENT-006212,matched
CP-INJ-0000024,ENT-000481,matched
CP-INJ-0002735,,unmatched
CP-INJ-0001051,ENT-002858,matched
CP-INJ-0002166,ENT-005359,ambiguous
CP-INJ-0002336,ENT-008035,ambiguous
CP-INJ-0001429,ENT-008249,matched
CP-INJ-0002461,,unmatched
CP-INJ-0001095,ENT-002404,matched
CP-INJ-0002139,ENT-009396,ambiguous
CP-INJ-0002499,,unmatched
CP-INJ-0000019,ENT-004640,matched
CP-INJ-0002504,,unmatched
CP-INJ-0002485,,unmatched
CP-INJ-0001941,ENT-000150,matched
CP-INJ-0001547,ENT-008577,matched
CP-INJ-0000426,ENT-003184,matched
CP-INJ-0000848,ENT-002230,matched
CP-INJ-0001411,ENT-000498,matched
CP-INJ-0002111,ENT-008391,ambiguous
CP-INJ-0001695,ENT-001170,matched
CP-INJ-0000982,ENT-007026,matched
CP-INJ-0000409,ENT-000201,matched
CP-INJ-0000319,ENT-002418,matched
CP-INJ-0001551,ENT-004288,matched
CP-INJ-0002194,ENT-002928,ambiguous
CP-INJ-0000529,ENT-003159,matched
CP-INJ-0000348,ENT-004110,matched
CP-INJ-0001839,ENT-005450,matched
CP-INJ-0002353,ENT-000073,ambiguous
CP-INJ-0001994,ENT-007844,matched
CP-INJ-0000216,ENT-002320,matched
CP-INJ-0000078,ENT-006345,matched
CP-INJ-0000440,ENT-006551,matched
CP-INJ-0002088,ENT-001765,matched
CP-INJ-0001648,ENT-005923,matched
CP-INJ-0001961,ENT-000658,matched
CP-INJ-0000817,ENT-005120,matched
CP-INJ-0001508,ENT-008779,matched
CP-INJ-0002866,,unmatched
CP-INJ-0002251,ENT-008214,ambiguous
CP-INJ-0000181,ENT-009064,matched
CP-INJ-0002509,,unmatched
CP-INJ-0000831,ENT-004185,matched
CP-INJ-0002224,ENT-005587,ambiguous
CP-INJ-0000926,ENT-005146,matched
CP-INJ-0002762,,unmatched
CP-INJ-0000344,ENT-007401,matched
CP-INJ-0002425,,unmatched
CP-INJ-0001719,ENT-002855,matched
CP-INJ-0002968,,unmatched
CP-INJ-0000665,ENT-009247,matched
CP-INJ-0000214,ENT-006356,matched
CP-INJ-0001888,ENT-006864,matched
CP-INJ-0002424,,unmatched
CP-INJ-0000317,ENT-007302,matched
CP-INJ-0002427,,unmatched
CP-INJ-0002385,ENT-002359,ambiguous
CP-INJ-0000023,ENT-001830,matched
CP-INJ-0001047,ENT-005936,matched
CP-INJ-0000056,ENT-006413,matched
CP-INJ-0001447,ENT-007327,matched
CP-INJ-0000878,ENT-001819,matched
CP-INJ-0000517,ENT-009524,matched
CP-INJ-0000617,ENT-000969,matched
CP-INJ-0001514,ENT-003796,matched
CP-INJ-0000707,ENT-003404,matched
CP-INJ-0002966,,unmatched
CP-INJ-0000022,ENT-003485,matched
CP-INJ-0001079,ENT-009416,matched
CP-INJ-0002001,ENT-002960,matched
CP-INJ-0001244,ENT-006754,matched
CP-INJ-0000513,ENT-001399,matched
CP-INJ-0001091,ENT-006102,matched
CP-INJ-0000836,ENT-003381,matched
CP-INJ-0002708,,unmatched
CP-INJ-0002840,,unmatched
CP-INJ-0001505,ENT-003248,matched
CP-INJ-0001690,ENT-002771,matched
CP-INJ-0000545,ENT-003558,matched
CP-INJ-0002260,ENT-001264,ambiguous
CP-INJ-0000574,ENT-005949,matched
CP-INJ-0001847,ENT-007427,matched
CP-INJ-0001196,ENT-003596,matched
CP-INJ-0000798,ENT-007434,matched
CP-INJ-0000375,ENT-005672,matched
CP-INJ-0000802,ENT-001423,matched
CP-INJ-0002962,,unmatched
CP-INJ-0002687,,unmatched
CP-INJ-0000969,ENT-003363,matched
CP-INJ-0001434,ENT-006065,matched
CP-INJ-0001609,ENT-003844,matched
CP-INJ-0001645,ENT-008967,matched
CP-INJ-0000977,ENT-005921,matched
CP-INJ-0001700,ENT-003668,matched
CP-INJ-0001662,ENT-007717,matched
CP-INJ-0000260,ENT-006714,matched
CP-INJ-0001864,ENT-007478,matched
CP-INJ-0000415,ENT-005701,matched
CP-INJ-0001341,ENT-009530,matched
CP-INJ-0000687,ENT-005642,matched
CP-INJ-0001458,ENT-000217,matched
CP-INJ-0001793,ENT-007987,matched
CP-INJ-0000514,ENT-004792,matched
CP-INJ-0001778,ENT-000661,matched
CP-INJ-0000106,ENT-006252,matched
CP-INJ-0002971,,unmatched
CP-INJ-0002702,,unmatched
CP-INJ-0002574,,unmatched
CP-INJ-0002589,,unmatched
CP-INJ-0002891,,unmatched
CP-INJ-0000032,ENT-007235,matched
CP-INJ-0002282,ENT-005118,ambiguous
CP-INJ-0001005,ENT-007598,matched
CP-INJ-0000783,ENT-004102,matched
CP-INJ-0001920,ENT-009251,matched
CP-INJ-0002661,,unmatched
CP-INJ-0000252,ENT-008284,matched
CP-INJ-0000784,ENT-006183,matched
CP-INJ-0002857,,unmatched
CP-INJ-0001945,ENT-007957,matched
CP-INJ-0001416,ENT-005070,matched
CP-INJ-0000382,ENT-008993,matched
CP-INJ-0000835,ENT-007959,matched
CP-INJ-0001646,ENT-000365,matched
CP-INJ-0002271,ENT-005962,ambiguous
CP-INJ-0002414,,unmatched
CP-INJ-0001452,ENT-006103,matched
CP-INJ-0000740,ENT-007216,matched
CP-INJ-0002240,ENT-009276,ambiguous
CP-INJ-0000695,ENT-007896,matched
CP-INJ-0000677,ENT-006979,matched
CP-INJ-0002998,,unmatched
CP-INJ-0000045,ENT-008185,matched
CP-INJ-0000655,ENT-002262,matched
CP-INJ-0002635,,unmatched
CP-INJ-0002060,ENT-009154,matched
CP-INJ-0000226,ENT-005355,matched
CP-INJ-0002198,ENT-006495,ambiguous
CP-INJ-0002452,,unmatched
CP-INJ-0001676,ENT-001510,matched
CP-INJ-0001338,ENT-008768,matched
CP-INJ-0002821,,unmatched
CP-INJ-0001124,ENT-007832,matched
CP-INJ-0000033,ENT-008489,matched
CP-INJ-0000755,ENT-008449,matched
CP-INJ-0002228,ENT-008317,ambiguous
CP-INJ-0000405,ENT-003930,matched
CP-INJ-0001650,ENT-009733,matched
CP-INJ-0002478,,unmatched
CP-INJ-0000052,ENT-001444,matched
CP-INJ-0002991,,unmatched
CP-INJ-0001135,ENT-002730,matched
CP-INJ-0001057,ENT-001079,matched
CP-INJ-0000565,ENT-000060,matched
CP-INJ-0002972,,unmatched
CP-INJ-0001640,ENT-006479,matched
CP-INJ-0002362,ENT-001599,ambiguous
CP-INJ-0001172,ENT-007073,matched
CP-INJ-0002831,,unmatched
CP-INJ-0000399,ENT-000891,matched
CP-INJ-0002411,,unmatched
CP-INJ-0001842,ENT-000326,matched
CP-INJ-0000900,ENT-005243,matched
CP-INJ-0002506,,unmatched
CP-INJ-0000509,ENT-005744,matched
CP-INJ-0000739,ENT-009974,matched
CP-INJ-0001384,ENT-005960,matched
CP-INJ-0000682,ENT-001607,matched
CP-INJ-0000925,ENT-008314,matched
CP-INJ-0002219,ENT-003578,ambiguous
CP-INJ-0001675,ENT-005538,matched
CP-INJ-0000610,ENT-005981,matched
CP-INJ-0001109,ENT-007264,matched
CP-INJ-0002630,,unmatched
CP-INJ-0000914,ENT-004019,matched
CP-INJ-0001795,ENT-009385,matched
CP-INJ-0000467,ENT-008051,matched
CP-INJ-0001863,ENT-008105,matched
CP-INJ-0000000,ENT-000785,matched
CP-INJ-0002031,ENT-000031,matched
CP-INJ-0002956,,unmatched
CP-INJ-0000365,ENT-003887,matched
CP-INJ-0002541,,unmatched
CP-INJ-0001306,ENT-004908,matched
CP-INJ-0002790,,unmatched
CP-INJ-0002305,ENT-004388,ambiguous
CP-INJ-0002421,,unmatched
CP-INJ-0002633,,unmatched
CP-INJ-0002632,,unmatched
CP-INJ-0001821,ENT-003362,matched
CP-INJ-0001865,ENT-007212,matched
CP-INJ-0002119,ENT-001316,ambiguous
CP-INJ-0001785,ENT-001538,matched
CP-INJ-0001321,ENT-004560,matched
CP-INJ-0001554,ENT-002382,matched
CP-INJ-0002301,ENT-007020,ambiguous
CP-INJ-0002876,,unmatched
CP-INJ-0002559,,unmatched
CP-INJ-0002695,,unmatched
CP-INJ-0001981,ENT-007519,matched
CP-INJ-0000778,ENT-003178,matched
CP-INJ-0001436,ENT-006273,matched
CP-INJ-0000102,ENT-009545,matched
CP-INJ-0002955,,unmatched
CP-INJ-0000346,ENT-002582,matched
CP-INJ-0002654,,unmatched
CP-INJ-0002854,,unmatched
CP-INJ-0002277,ENT-001275,ambiguous
CP-INJ-0002138,ENT-000693,ambiguous
CP-INJ-0002965,,unmatched
CP-INJ-0002381,ENT-005527,ambiguous
CP-INJ-0002793,,unmatched
CP-INJ-0000775,ENT-006833,matched
CP-INJ-0002566,,unmatched
CP-INJ-0001023,ENT-003607,matched
CP-INJ-0002010,ENT-005686,matched
CP-INJ-0000191,ENT-006472,matched
CP-INJ-0002617,,unmatched
CP-INJ-0000599,ENT-002903,matched
CP-INJ-0001453,ENT-006074,matched
CP-INJ-0001254,ENT-003676,matched
CP-INJ-0001889,ENT-001476,matched
CP-INJ-0002072,ENT-005047,matched
CP-INJ-0000628,ENT-002659,matched
CP-INJ-0001312,ENT-001305,matched
CP-INJ-0000101,ENT-000747,matched
CP-INJ-0002556,,unmatched
CP-INJ-0002016,ENT-001055,matched
CP-INJ-0001205,ENT-008129,matched
CP-INJ-0002537,,unmatched
CP-INJ-0000718,ENT-002214,matched
CP-INJ-0001710,ENT-005986,matched
CP-INJ-0002527,,unmatched
CP-INJ-0002980,,unmatched
CP-INJ-0002969,,unmatched
CP-INJ-0002810,,unmatched
CP-INJ-0002608,,unmatched
CP-INJ-0000742,ENT-003251,matched
CP-INJ-0000149,ENT-008245,matched
CP-INJ-0002977,,unmatched
CP-INJ-0000917,ENT-009380,matched
CP-INJ-0001311,ENT-009085,matched
CP-INJ-0000894,ENT-009379,matched
CP-INJ-0002779,,unmatched
CP-INJ-0001729,ENT-004852,matched
CP-INJ-0002806,,unmatched
CP-INJ-0001138,ENT-001099,matched
CP-INJ-0000002,ENT-005838,matched
CP-INJ-0000227,ENT-004718,matched
CP-INJ-0000036,ENT-004692,matched
CP-INJ-0000704,ENT-001350,matched
CP-INJ-0000320,ENT-003591,matched
CP-INJ-0001718,ENT-000824,matched
CP-INJ-0000295,ENT-007513,matched
CP-INJ-0002257,ENT-000157,ambiguous
CP-INJ-0002018,ENT-003707,matched
CP-INJ-0001784,ENT-007786,matched
CP-INJ-0000034,ENT-009255,matched
CP-INJ-0000373,ENT-005310,matched
CP-INJ-0001824,ENT-007779,matched
CP-INJ-0001712,ENT-002398,matched
CP-INJ-0002842,,unmatched
CP-INJ-0001117,ENT-005761,matched
CP-INJ-0000979,ENT-002768,matched
CP-INJ-0000299,ENT-004193,matched
CP-INJ-0001583,ENT-005198,matched
CP-INJ-0002030,ENT-000551,matched
CP-INJ-0002160,ENT-006534,ambiguous
CP-INJ-0000851,ENT-002161,matched
CP-INJ-0001480,ENT-008280,matched
CP-INJ-0000297,ENT-006834,matched
CP-INJ-0001347,ENT-003700,matched
CP-INJ-0000172,ENT-000255,matched
CP-INJ-0000119,ENT-008754,matched
CP-INJ-0001986,ENT-001284,matched
CP-INJ-0001371,ENT-006391,matched
CP-INJ-0002021,ENT-003624,matched
CP-INJ-0001952,ENT-009195,matched
CP-INJ-0001947,ENT-003863,matched
CP-INJ-0001651,ENT-000264,matched
CP-INJ-0001611,ENT-005758,matched
CP-INJ-0002182,ENT-004544,ambiguous
CP-INJ-0001944,ENT-009330,matched
CP-INJ-0000147,ENT-001845,matched
CP-INJ-0001071,ENT-008453,matched
CP-INJ-0000870,ENT-000565,matched
CP-INJ-0002494,,unmatched
CP-INJ-0001980,ENT-007475,matched
CP-INJ-0000946,ENT-002427,matched
CP-INJ-0001279,ENT-004609,matched
CP-INJ-0002507,,unmatched
CP-INJ-0001444,ENT-002551,matched
CP-INJ-0001024,ENT-001970,matched
CP-INJ-0002287,ENT-000101,ambiguous
CP-INJ-0001033,ENT-009333,matched
CP-INJ-0002186,ENT-003080,ambiguous
CP-INJ-0000818,ENT-006752,matched
CP-INJ-0002983,,unmatched
CP-INJ-0002051,ENT-008770,matched
CP-INJ-0001605,ENT-004218,matched
CP-INJ-0002304,ENT-005517,ambiguous
CP-INJ-0001044,ENT-009716,matched
CP-INJ-0002685,,unmatched
CP-INJ-0001220,ENT-007061,matched
CP-INJ-0001535,ENT-002713,matched
CP-INJ-0002370,ENT-009954,ambiguous
CP-INJ-0001368,ENT-000745,matched
CP-INJ-0000554,ENT-006579,matched
CP-INJ-0002055,ENT-001733,matched
CP-INJ-0000452,ENT-005130,matched
CP-INJ-0002438,,unmatched
CP-INJ-0000833,ENT-001368,matched
CP-INJ-0000650,ENT-004694,matched
CP-INJ-0000947,ENT-007172,matched
CP-INJ-0002415,,unmatched
CP-INJ-0001481,ENT-004927,matched
CP-INJ-0002390,ENT-006036,ambiguous
CP-INJ-0000608,ENT-000580,matched
CP-INJ-0002290,ENT-003046,ambiguous
CP-INJ-0001909,ENT-002009,matched
CP-INJ-0000837,ENT-007071,matched
CP-INJ-0001838,ENT-006911,matched
CP-INJ-0000854,ENT-007381,matched
CP-INJ-0001949,ENT-005951,matched
CP-INJ-0002474,,unmatched
CP-INJ-0001794,ENT-006286,matched
CP-INJ-0002302,ENT-004771,ambiguous
CP-INJ-0001483,ENT-003391,matched
CP-INJ-0000080,ENT-003426,matched
CP-INJ-0001147,ENT-001617,matched
CP-INJ-0000166,ENT-006489,matched
CP-INJ-0000813,ENT-009977,matched
CP-INJ-0000564,ENT-000219,matched
CP-INJ-0000771,ENT-003603,matched
CP-INJ-0000475,ENT-008778,matched
CP-INJ-0002012,ENT-007504,matched
CP-INJ-0000717,ENT-008976,matched
CP-INJ-0000067,ENT-004948,matched
CP-INJ-0000279,ENT-004665,matched
CP-INJ-0001099,ENT-007168,matched
CP-INJ-0002931,,unmatched
CP-INJ-0001621,ENT-005342,matched
CP-INJ-0001925,ENT-000130,matched
CP-INJ-0000116,ENT-000566,matched
CP-INJ-0000511,ENT-006249,matched
CP-INJ-0000318,ENT-001728,matched
CP-INJ-0001002,ENT-003029,matched
CP-INJ-0002176,ENT-007193,ambiguous
CP-INJ-0002232,ENT-008112,ambiguous
CP-INJ-0002645,,unmatched
CP-INJ-0000671,ENT-007933,matched
CP-INJ-0000698,ENT-007306,matched
CP-INJ-0000425,ENT-007827,matched
CP-INJ-0000388,ENT-003916,matched
CP-INJ-0000809,ENT-004760,matched
CP-INJ-0001206,ENT-004425,matched
CP-INJ-0001860,ENT-005930,matched
CP-INJ-0001711,ENT-003583,matched
CP-INJ-0001741,ENT-002465,matched
CP-INJ-0000143,ENT-004204,matched
CP-INJ-0000321,ENT-004458,matched
CP-INJ-0001268,ENT-001296,matched
CP-INJ-0000193,ENT-005384,matched
CP-INJ-0000362,ENT-009883,matched
CP-INJ-0001759,ENT-003478,matched
CP-INJ-0000355,ENT-006682,matched
CP-INJ-0002522,,unmatched
CP-INJ-0002206,ENT-000384,ambiguous
CP-INJ-0000576,ENT-005948,matched
CP-INJ-0000697,ENT-004255,matched
CP-INJ-0000713,ENT-004291,matched
CP-INJ-0001262,ENT-009628,matched
CP-INJ-0002911,,unmatched
CP-INJ-0001015,ENT-009611,matched
CP-INJ-0002229,ENT-004891,ambiguous
CP-INJ-0002389,ENT-004259,ambiguous
CP-INJ-0000291,ENT-003727,matched
CP-INJ-0002263,ENT-006197,ambiguous
CP-INJ-0000924,ENT-000209,matched
CP-INJ-0000229,ENT-001673,matched
CP-INJ-0000843,ENT-009132,matched
CP-INJ-0002247,ENT-007730,ambiguous
CP-INJ-0001344,ENT-009453,matched
CP-INJ-0000506,ENT-001115,matched
CP-INJ-0001620,ENT-003195,matched
CP-INJ-0001689,ENT-008046,matched
CP-INJ-0000381,ENT-001851,matched
CP-INJ-0001386,ENT-008080,matched
CP-INJ-0002330,ENT-006981,ambiguous
CP-INJ-0001840,ENT-006420,matched
CP-INJ-0002786,,unmatched
CP-INJ-0001176,ENT-008887,matched
CP-INJ-0001294,ENT-007582,matched
CP-INJ-0002351,ENT-003895,ambiguous
CP-INJ-0000007,ENT-003408,matched
CP-INJ-0002856,,unmatched
CP-INJ-0001285,ENT-001010,matched
CP-INJ-0001767,ENT-007721,matched
CP-INJ-0002776,,unmatched
CP-INJ-0000696,ENT-006532,matched
CP-INJ-0002723,,unmatched
CP-INJ-0002749,,unmatched
CP-INJ-0002095,ENT-001036,matched
CP-INJ-0000192,ENT-005751,matched
CP-INJ-0001809,ENT-007144,matched
CP-INJ-0002648,,unmatched
CP-INJ-0001624,ENT-007492,matched
CP-INJ-0000127,ENT-005713,matched
CP-INJ-0000174,ENT-008041,matched
CP-INJ-0001927,ENT-004330,matched
CP-INJ-0002691,,unmatched
CP-INJ-0000083,ENT-007247,matched
CP-INJ-0000488,ENT-009791,matched
CP-INJ-0001598,ENT-008907,matched
CP-INJ-0001836,ENT-007410,matched
CP-INJ-0000543,ENT-008130,matched
CP-INJ-0002265,ENT-000003,ambiguous
CP-INJ-0000209,ENT-004590,matched
CP-INJ-0000694,ENT-005820,matched
CP-INJ-0002501,,unmatched
CP-INJ-0001252,ENT-004730,matched
CP-INJ-0001956,ENT-004700,matched
CP-INJ-0002147,ENT-005594,ambiguous
CP-INJ-0002921,,unmatched
CP-INJ-0000037,ENT-003875,matched
CP-INJ-0002502,,unmatched
CP-INJ-0002989,,unmatched
CP-INJ-0001050,ENT-001689,matched
CP-INJ-0002386,ENT-006726,ambiguous
CP-INJ-0000643,ENT-008195,matched
CP-INJ-0001255,ENT-003877,matched
CP-INJ-0002371,ENT-006394,ambiguous
CP-INJ-0001498,ENT-005897,matched
CP-INJ-0002076,ENT-006150,matched
CP-INJ-0002513,,unmatched
CP-INJ-0001428,ENT-003003,matched
CP-INJ-0001697,ENT-005211,matched
CP-INJ-0000041,ENT-000790,matched
CP-INJ-0000746,ENT-009274,matched
CP-INJ-0002180,ENT-000280,ambiguous
CP-INJ-0000602,ENT-006250,matched
CP-INJ-0002569,,unmatched
CP-INJ-0002269,ENT-009529,ambiguous
CP-INJ-0002116,ENT-003606,ambiguous
CP-INJ-0002047,ENT-003147,matched
CP-INJ-0001804,ENT-000609,matched
CP-INJ-0001218,ENT-006109,matched
CP-INJ-0001576,ENT-008628,matched
CP-INJ-0001999,ENT-001656,matched
CP-INJ-0000964,ENT-009473,matched
CP-INJ-0000121,ENT-009513,matched
CP-INJ-0002657,,unmatched
CP-INJ-0001772,ENT-004804,matched
CP-INJ-0002877,,unmatched
CP-INJ-0001963,ENT-003126,matched
CP-INJ-0002276,ENT-007062,ambiguous
CP-INJ-0000253,ENT-001687,matched
CP-INJ-0001065,ENT-005974,matched
CP-INJ-0001633,ENT-004591,matched
CP-INJ-0001807,ENT-004234,matched
CP-INJ-0000031,ENT-009577,matched
CP-INJ-0000640,ENT-001700,matched
CP-INJ-0002848,,unmatched
CP-INJ-0000504,ENT-008833,matched
CP-INJ-0000068,ENT-009417,matched
CP-INJ-0000473,ENT-002332,matched
CP-INJ-0000079,ENT-009534,matched
CP-INJ-0001327,ENT-000352,matched
CP-INJ-0000324,ENT-007687,matched
CP-INJ-0002625,,unmatched
CP-INJ-0000806,ENT-007671,matched
CP-INJ-0001871,ENT-006042,matched
CP-INJ-0001882,ENT-004403,matched
CP-INJ-0001699,ENT-001965,matched
CP-INJ-0000326,ENT-004375,matched
CP-INJ-0000341,ENT-007135,matched
CP-INJ-0002688,,unmatched
CP-INJ-0002737,,unmatched
CP-INJ-0002035,ENT-004032,matched
CP-INJ-0001990,ENT-002054,matched
CP-INJ-0000769,ENT-006421,matched
CP-INJ-0000612,ENT-006126,matched
CP-INJ-0000161,ENT-006452,matched
CP-INJ-0000204,ENT-003364,matched
CP-INJ-0001636,ENT-007369,matched
CP-INJ-0001373,ENT-001308,matched
CP-INJ-0001572,ENT-002289,matched
CP-INJ-0002747,,unmatched
CP-INJ-0002152,ENT-003982,ambiguous
CP-INJ-0001858,ENT-007415,matched
CP-INJ-0002851,,unmatched
CP-INJ-0000942,ENT-006672,matched
CP-INJ-0002288,ENT-002138,ambiguous
CP-INJ-0002039,ENT-003605,matched
CP-INJ-0000221,ENT-002245,matched
CP-INJ-0001438,ENT-005436,matched
CP-INJ-0000528,ENT-007913,matched
CP-INJ-0000222,ENT-001312,matched
CP-INJ-0000417,ENT-007211,matched
CP-INJ-0002722,,unmatched
CP-INJ-0001489,ENT-009192,matched
CP-INJ-0000345,ENT-009630,matched
CP-INJ-0000364,ENT-003433,matched
CP-INJ-0000400,ENT-003526,matched
CP-INJ-0000030,ENT-001002,matched
CP-INJ-0002775,,unmatched
CP-INJ-0000492,ENT-000976,matched
CP-INJ-0001063,ENT-009647,matched
CP-INJ-0001317,ENT-006446,matched
CP-INJ-0001979,ENT-000232,matched
CP-INJ-0000672,ENT-009967,matched
CP-INJ-0001166,ENT-005239,matched
CP-INJ-0000187,ENT-000084,matched
CP-INJ-0000261,ENT-009527,matched
CP-INJ-0002958,,unmatched
CP-INJ-0000360,ENT-007995,matched
CP-INJ-0002997,,unmatched
CP-INJ-0001936,ENT-006994,matched
CP-INJ-0001603,ENT-002210,matched
CP-INJ-0000901,ENT-003913,matched
CP-INJ-0000519,ENT-009189,matched
CP-INJ-0002619,,unmatched
CP-INJ-0002327,ENT-003227,ambiguous
CP-INJ-0002243,ENT-001432,ambiguous
CP-INJ-0000428,ENT-001837,matched
CP-INJ-0001298,ENT-005297,matched
CP-INJ-0002941,,unmatched
CP-INJ-0002863,,unmatched
CP-INJ-0000847,ENT-009727,matched
CP-INJ-0000329,ENT-006915,matched
CP-INJ-0000596,ENT-006171,matched
CP-INJ-0002215,ENT-000227,ambiguous
CP-INJ-0001895,ENT-007083,matched
CP-INJ-0002743,,unmatched
CP-INJ-0000539,ENT-002182,matched
CP-INJ-0002046,ENT-009148,matched
CP-INJ-0001671,ENT-000753,matched
CP-INJ-0000235,ENT-007165,matched
CP-INJ-0000758,ENT-000287,matched
CP-INJ-0000103,ENT-002560,matched
CP-INJ-0002690,,unmatched
CP-INJ-0001442,ENT-008206,matched
CP-INJ-0001509,ENT-001453,matched
CP-INJ-0002605,,unmatched
CP-INJ-0002317,ENT-001298,ambiguous
CP-INJ-0002289,ENT-003448,ambiguous
CP-INJ-0002069,ENT-009817,matched
CP-INJ-0001692,ENT-004592,matched
CP-INJ-0000556,ENT-003048,matched
CP-INJ-0002552,,unmatched
CP-INJ-0000720,ENT-008497,matched
CP-INJ-0002795,,unmatched
CP-INJ-0001141,ENT-001849,matched
CP-INJ-0002320,ENT-004340,ambiguous
CP-INJ-0000169,ENT-001011,matched
CP-INJ-0001588,ENT-006160,matched
CP-INJ-0002162,ENT-006543,ambiguous
CP-INJ-0002475,,unmatched
CP-INJ-0001890,ENT-008962,matched
CP-INJ-0000573,ENT-003340,matched
CP-INJ-0001878,ENT-006501,matched
CP-INJ-0000669,ENT-003923,matched
CP-INJ-0001625,ENT-006132,matched
CP-INJ-0000750,ENT-001959,matched
CP-INJ-0002089,ENT-003493,matched
CP-INJ-0001755,ENT-006441,matched
CP-INJ-0001054,ENT-000429,matched
CP-INJ-0000825,ENT-002745,matched
CP-INJ-0001204,ENT-004373,matched
CP-INJ-0001733,ENT-005692,matched
CP-INJ-0001245,ENT-000306,matched
CP-INJ-0001688,ENT-004919,matched
CP-INJ-0002682,,unmatched
CP-INJ-0001703,ENT-008233,matched
CP-INJ-0000114,ENT-006072,matched
CP-INJ-0000801,ENT-008863,matched
CP-INJ-0001014,ENT-006831,matched
CP-INJ-0002843,,unmatched
CP-INJ-0002867,,unmatched
CP-INJ-0000472,ENT-006156,matched
CP-INJ-0000104,ENT-008142,matched
CP-INJ-0002668,,unmatched
CP-INJ-0001730,ENT-000112,matched
CP-INJ-0001274,ENT-007673,matched
CP-INJ-0002730,,unmatched
CP-INJ-0001357,ENT-002588,matched
CP-INJ-0002615,,unmatched
CP-INJ-0001229,ENT-001557,matched
CP-INJ-0001528,ENT-006870,matched
CP-INJ-0002278,ENT-000426,ambiguous
CP-INJ-0002995,,unmatched
CP-INJ-0001917,ENT-006945,matched
CP-INJ-0000074,ENT-001429,matched
CP-INJ-0001958,ENT-003628,matched
CP-INJ-0000481,ENT-004417,matched
CP-INJ-0000642,ENT-008865,matched
CP-INJ-0001376,ENT-004918,matched
CP-INJ-0002096,ENT-007795,matched
CP-INJ-0002765,,unmatched
CP-INJ-0002291,ENT-005379,ambiguous
CP-INJ-0000816,ENT-001434,matched
CP-INJ-0000668,ENT-005548,matched
CP-INJ-0002703,,unmatched
CP-INJ-0001669,ENT-008417,matched
CP-INJ-0001022,ENT-006748,matched
CP-INJ-0001019,ENT-002422,matched
CP-INJ-0001517,ENT-005454,matched
CP-INJ-0000852,ENT-009825,matched
CP-INJ-0001959,ENT-000008,matched
CP-INJ-0001725,ENT-005455,matched
CP-INJ-0002181,ENT-005393,ambiguous
CP-INJ-0002841,,unmatched
CP-INJ-0001518,ENT-004761,matched
CP-INJ-0002017,ENT-000142,matched
CP-INJ-0000797,ENT-009289,matched
CP-INJ-0001450,ENT-003345,matched
CP-INJ-0002094,ENT-004464,matched
CP-INJ-0001637,ENT-006739,matched
CP-INJ-0002008,ENT-003600,matched
CP-INJ-0000883,ENT-000956,matched
CP-INJ-0002108,ENT-003680,ambiguous
CP-INJ-0000438,ENT-000812,matched
CP-INJ-0002131,ENT-003554,ambiguous
CP-INJ-0002525,,unmatched
CP-INJ-0002705,,unmatched
CP-INJ-0002614,,unmatched
CP-INJ-0000370,ENT-001240,matched
CP-INJ-0002105,ENT-009772,ambiguous
CP-INJ-0001899,ENT-006907,matched
CP-INJ-0001496,ENT-001309,matched
CP-INJ-0000018,ENT-004383,matched
CP-INJ-0002059,ENT-008225,matched
CP-INJ-0000387,ENT-008287,matched
CP-INJ-0000526,ENT-005681,matched
CP-INJ-0002756,,unmatched
CP-INJ-0000808,ENT-002079,matched
CP-INJ-0000589,ENT-004382,matched
CP-INJ-0001879,ENT-008468,matched
CP-INJ-0002675,,unmatched
CP-INJ-0001318,ENT-002785,matched
CP-INJ-0001929,ENT-001548,matched
CP-INJ-0001170,ENT-006575,matched
CP-INJ-0000133,ENT-004564,matched
CP-INJ-0000070,ENT-007833,matched
CP-INJ-0000970,ENT-003682,matched
CP-INJ-0000152,ENT-007456,matched
CP-INJ-0002364,ENT-001671,ambiguous
CP-INJ-0000424,ENT-000286,matched
CP-INJ-0002217,ENT-003568,ambiguous
CP-INJ-0002602,,unmatched
CP-INJ-0000059,ENT-005325,matched
CP-INJ-0000586,ENT-009603,matched
CP-INJ-0001507,ENT-008114,matched
CP-INJ-0000760,ENT-001973,matched
CP-INJ-0001457,ENT-001385,matched
CP-INJ-0001654,ENT-000467,matched
CP-INJ-0000935,ENT-004875,matched
CP-INJ-0000363,ENT-007208,matched
CP-INJ-0000792,ENT-009841,matched
CP-INJ-0000834,ENT-002120,matched
CP-INJ-0001765,ENT-003177,matched
CP-INJ-0002987,,unmatched
CP-INJ-0001639,ENT-008356,matched
CP-INJ-0001405,ENT-001631,matched
CP-INJ-0001460,ENT-005564,matched
CP-INJ-0000330,ENT-006262,matched
CP-INJ-0000112,ENT-004214,matched
CP-INJ-0000955,ENT-002011,matched
CP-INJ-0000893,ENT-001843,matched
CP-INJ-0002214,ENT-002001,ambiguous
CP-INJ-0001581,ENT-000199,matched
CP-INJ-0002551,,unmatched
CP-INJ-0000140,ENT-006464,matched
CP-INJ-0001036,ENT-001917,matched
CP-INJ-0002751,,unmatched
CP-INJ-0001201,ENT-001042,matched
CP-INJ-0000047,ENT-001356,matched
