ENT-000002,CP-000055,review
ENT-000002,CP-000867,review
ENT-000004,CP-000249,review
ENT-000007,CP-000927,review
ENT-000010,CP-000851,review
ENT-000010,CP-000975,review
ENT-000011,CP-000108,review
ENT-000011,CP-000838,review
ENT-000014,CP-000621,review
ENT-000017,CP-000549,review
ENT-000018,CP-000785,review
ENT-000022,CP-000904,review
ENT-000022,CP-000913,review
ENT-000023,CP-000125,review
ENT-000025,CP-000648,review
ENT-000026,CP-000343,review
ENT-000028,CP-000819,review
ENT-000042,CP-000880,review
ENT-000045,CP-000092,review
ENT-000045,CP-000895,review
ENT-000047,CP-000383,review
ENT-000047,CP-000848,review
ENT-000049,CP-000078,review
ENT-000050,CP-000149,review
ENT-000050,CP-000887,review
ENT-000050,CP-000960,review
ENT-000053,CP-000081,review
ENT-000058,CP-000009,review
ENT-000060,CP-000116,review
ENT-000061,CP-000682,review
ENT-000067,CP-000571,review
ENT-000067,CP-000873,review
ENT-000070,CP-000609,review
ENT-000075,CP-000028,review
ENT-000076,CP-000820,review
ENT-000082,CP-000813,review
ENT-000088,CP-000617,review
ENT-000090,CP-000708,review
ENT-000093,CP-000602,review
ENT-000098,CP-000610,review
ENT-000099,CP-000769,review
ENT-000102,CP-000339,review
ENT-000102,CP-000796,review
ENT-000103,CP-000680,review
ENT-000104,CP-000633,review
ENT-000105,CP-000890,review
ENT-000106,CP-000523,review
ENT-000106,CP-000707,review
ENT-000112,CP-000767,review
ENT-000113,CP-000573,review
ENT-000113,CP-000831,review
ENT-000114,CP-000142,review
ENT-000119,CP-000943,review
ENT-000121,CP-000958,review
ENT-000121,CP-000976,review
ENT-000129,CP-000710,review
ENT-000131,CP-000436,review
ENT-000131,CP-000712,review
ENT-000134,CP-000237,review
ENT-000136,CP-000155,review
ENT-000137,CP-000670,review
ENT-000145,CP-000970,review
ENT-000147,CP-000351,review
ENT-000147,CP-000788,review
ENT-000148,CP-000644,review
ENT-000150,CP-000738,review
ENT-000152,CP-000208,review
ENT-000156,CP-000657,review
ENT-000157,CP-000947,review
ENT-000160,CP-000203,review
ENT-000161,CP-000916,review
ENT-000162,CP-000725,review
ENT-000165,CP-000898,review
ENT-000165,CP-000934,review
ENT-000166,CP-000665,review
ENT-000167,CP-000342,review
ENT-000170,CP-000717,review
ENT-000171,CP-000204,review
ENT-000172,CP-000320,review
ENT-000183,CP-000270,review
ENT-000185,CP-000952,review
ENT-000188,CP-000433,review
ENT-000189,CP-000655,review
ENT-000189,CP-000832,review
ENT-000190,CP-000959,review
ENT-000191,CP-000146,review
ENT-000192,CP-000783,review
ENT-000195,CP-000576,review
ENT-000196,CP-000649,review
ENT-000198,CP-000646,review
ENT-000199,CP-000315,review
ENT-000200,CP-000714,review
ENT-000202,CP-000681,review
ENT-000203,CP-000825,review
ENT-000205,CP-000656,review
ENT-000207,CP-000494,review
ENT-000210,CP-000511,review
ENT-000211,CP-000790,review
ENT-000211,CP-000937,review
ENT-000212,CP-000454,review
ENT-000212,CP-000836,review
ENT-000215,CP-000356,review
ENT-000216,CP-000366,review
ENT-000217,CP-000354,review
ENT-000218,CP-000286,review
ENT-000218,CP-000780,review
ENT-000219,CP-000308,review
ENT-000219,CP-000758,review
ENT-000221,CP-000074,review
ENT-000222,CP-000349,review
ENT-000227,CP-000668,review
ENT-000227,CP-000894,review
ENT-000229,CP-000379,review
ENT-000231,CP-000896,review
ENT-000236,CP-000141,review
ENT-000239,CP-000658,review
ENT-000240,CP-000766,review
ENT-000243,CP-000457,review
ENT-000245,CP-000556,review
ENT-000248,CP-000826,review
ENT-000249,CP-000824,review
ENT-000251,CP-000275,review
ENT-000258,CP-000624,review
ENT-000262,CP-000982,review
ENT-000263,CP-000163,review
ENT-000267,CP-000821,review
ENT-000270,CP-000719,review
ENT-000273,CP-000585,review
ENT-000273,CP-000828,review
ENT-000279,CP-000165,review
ENT-000279,CP-000753,review
ENT-000280,CP-000582,review
ENT-000285,CP-000002,review
ENT-000286,CP-000764,review
ENT-000287,CP-000594,review
ENT-000288,CP-000808,review
ENT-000288,CP-000881,review
ENT-000294,CP-000466,review
ENT-000296,CP-000025,review
ENT-000298,CP-000845,review
ENT-000299,CP-000583,review
ENT-000301,CP-000550,review
ENT-000303,CP-000003,review
ENT-000304,CP-000402,review
ENT-000308,CP-000805,review
ENT-000309,CP-000272,review
ENT-000312,CP-000924,review
ENT-000315,CP-000592,review
ENT-000320,CP-000461,review
ENT-000322,CP-000214,review
ENT-000324,CP-000500,review
ENT-000324,CP-000763,review
ENT-000330,CP-000723,review
ENT-000331,CP-000419,review
ENT-000331,CP-000827,review
ENT-000332,CP-000638,review
ENT-000336,CP-000412,review
ENT-000337,CP-000178,review
ENT-000338,CP-000079,review
ENT-000342,CP-000994,review
ENT-000346,CP-000928,review
ENT-000347,CP-000032,review
ENT-000350,CP-000414,review
ENT-000350,CP-000778,review
ENT-000353,CP-000672,review
ENT-000353,CP-000939,review
ENT-000357,CP-000157,review
ENT-000359,CP-000559,review
ENT-000360,CP-000584,review
ENT-000364,CP-000921,review
ENT-000366,CP-000622,review
ENT-000369,CP-000635,review
ENT-000370,CP-000455,review
ENT-000378,CP-000551,review
ENT-000378,CP-000973,review
ENT-000382,CP-000866,review
ENT-000386,CP-000727,review
ENT-000387,CP-000458,review
ENT-000391,CP-000781,review
ENT-000393,CP-000061,review
ENT-000394,CP-000530,review
ENT-000396,CP-000042,review
ENT-000396,CP-000899,review
ENT-000397,CP-000075,review
ENT-000398,CP-000534,review
ENT-000398,CP-000837,review
ENT-000399,CP-000703,review
ENT-000403,CP-000787,review
ENT-000404,CP-000368,review
ENT-000404,CP-000844,review
ENT-000407,CP-000201,review
ENT-000412,CP-000496,review
ENT-000415,CP-000202,review
ENT-000417,CP-000998,review
ENT-000421,CP-000564,review
ENT-000422,CP-000579,review
ENT-000425,CP-000611,review
ENT-000426,CP-000875,review
ENT-000431,CP-000035,review
ENT-000431,CP-000852,review
ENT-000432,CP-000605,review
ENT-000437,CP-000953,review
ENT-000438,CP-000481,review
ENT-000440,CP-000153,review
ENT-000442,CP-000346,review
ENT-000444,CP-000088,review
ENT-000445,CP-000304,review
ENT-000445,CP-000856,review
ENT-000446,CP-000420,review
ENT-000451,CP-000251,review
ENT-000453,CP-000418,review
ENT-000453,CP-000833,review
ENT-000458,CP-000228,review
ENT-000460,CP-000438,review
ENT-000460,CP-000782,review
ENT-000462,CP-000749,review
ENT-000463,CP-000632,review
ENT-000465,CP-000991,review
ENT-000466,CP-000993,review
ENT-000473,CP-000526,review
ENT-000474,CP-000156,review
ENT-000475,CP-000590,review
ENT-000475,CP-000685,review
ENT-000476,CP-000562,review
ENT-000476,CP-000861,review
ENT-000477,CP-000528,review
ENT-000479,CP-000846,review
ENT-000482,CP-000954,review
ENT-000483,CP-000504,review
ENT-000490,CP-000353,review
ENT-000491,CP-000004,review
ENT-000491,CP-000999,review
ENT-000492,CP-000686,review
ENT-000492,CP-000984,review
ENT-000494,CP-000408,review
ENT-000497,CP-000040,review
ENT-000498,CP-000967,review
ENT-000500,CP-000732,review
ENT-000502,CP-000988,review
ENT-000503,CP-000586,review
ENT-000505,CP-000210,review
ENT-000507,CP-000473,review
ENT-000509,CP-000540,review
ENT-000511,CP-000698,review
ENT-000513,CP-000891,review
ENT-000515,CP-000463,review
ENT-000516,CP-000936,review
ENT-000516,CP-000986,review
ENT-000518,CP-000911,review
ENT-000520,CP-000589,review
ENT-000520,CP-000841,review
ENT-000523,CP-000784,review
ENT-000525,CP-000804,review
ENT-000528,CP-000884,review
ENT-000529,CP-000076,review
ENT-000530,CP-000477,review
ENT-000531,CP-000588,review
ENT-000535,CP-000702,review
ENT-000536,CP-000883,review
ENT-000539,CP-000264,review
ENT-000544,CP-000011,review
ENT-000545,CP-000773,review
ENT-000550,CP-000558,review
ENT-000554,CP-000225,review
ENT-000554,CP-000728,review
ENT-000554,CP-000835,review
ENT-000555,CP-000334,review
ENT-000558,CP-000105,review
ENT-000558,CP-000882,review
ENT-000561,CP-000189,review
ENT-000563,CP-000544,review
ENT-000565,CP-000791,review
ENT-000568,CP-000071,review
ENT-000569,CP-000626,review
ENT-000570,CP-000173,review
ENT-000574,CP-000186,review
ENT-000574,CP-000886,review
ENT-000581,CP-000452,review
ENT-000586,CP-000031,review
ENT-000586,CP-000850,review
ENT-000587,CP-000642,review
ENT-000588,CP-000893,review
ENT-000595,CP-000631,review
ENT-000596,CP-000546,review
ENT-000597,CP-000706,review
ENT-000600,CP-000996,review
ENT-000604,CP-000167,review
ENT-000606,CP-000946,review
ENT-000607,CP-000371,review
ENT-000607,CP-000798,review
ENT-000611,CP-000139,review
ENT-000618,CP-000964,review
ENT-000619,CP-000174,review
ENT-000622,CP-000126,review
ENT-000634,CP-000636,review
ENT-000641,CP-000503,review
ENT-000641,CP-000720,review
ENT-000644,CP-000751,review
ENT-000646,CP-000908,review
ENT-000647,CP-000659,review
ENT-000652,CP-000300,review
ENT-000654,CP-000120,review
ENT-000656,CP-000096,review
ENT-000659,CP-000505,review
ENT-000661,CP-000367,review
ENT-000664,CP-000144,review
ENT-000673,CP-000721,review
ENT-000674,CP-000489,review
ENT-000677,CP-000822,review
ENT-000678,CP-000453,review
ENT-000680,CP-000854,review
ENT-000681,CP-000403,review
ENT-000681,CP-000774,review
ENT-000683,CP-000521,review
ENT-000687,CP-000897,review
ENT-000688,CP-000711,review
ENT-000689,CP-000561,review
ENT-000689,CP-000929,review
ENT-000692,CP-000595,review
ENT-000698,CP-000388,review
ENT-000700,CP-000405,review
ENT-000704,CP-000312,review
ENT-000704,CP-000772,review
ENT-000705,CP-000130,review
ENT-000705,CP-000872,review
ENT-000706,CP-000618,review
ENT-000706,CP-000797,review
ENT-000708,CP-000470,review
ENT-000712,CP-000138,review
ENT-000712,CP-000777,review
ENT-000713,CP-000431,review
ENT-000717,CP-000817,review
ENT-000718,CP-000335,review
ENT-000719,CP-000050,review
ENT-000728,CP-000001,review
ENT-000733,CP-000151,review
ENT-000737,CP-000292,review
ENT-000739,CP-000802,review
ENT-000740,CP-000389,review
ENT-000743,CP-000005,review
ENT-000756,CP-000512,review
ENT-000758,CP-000118,review
ENT-000760,CP-000493,review
ENT-000763,CP-000027,review
ENT-000764,CP-000495,review
ENT-000764,CP-000930,review
ENT-000774,CP-000479,review
ENT-000775,CP-000134,review
ENT-000790,CP-000295,review
ENT-000791,CP-000771,review
ENT-000792,CP-000606,review
ENT-000793,CP-000977,review
ENT-000794,CP-000860,review
ENT-000796,CP-000843,review
ENT-000797,CP-000809,review
ENT-000799,CP-000310,review
ENT-000802,CP-000671,review
ENT-000808,CP-000733,review
ENT-000809,CP-000942,review
ENT-000812,CP-000675,review
ENT-000815,CP-000715,review
ENT-000816,CP-000770,review
ENT-000817,CP-000425,review
ENT-000818,CP-000212,review
ENT-000821,CP-000716,review
ENT-000823,CP-000041,review
ENT-000824,CP-000117,review
ENT-000824,CP-000726,review
ENT-000825,CP-000737,review
ENT-000829,CP-000293,review
ENT-000829,CP-000709,review
ENT-000830,CP-000164,review
ENT-000831,CP-000871,review
ENT-000833,CP-000185,review
ENT-000834,CP-000158,review
ENT-000836,CP-000666,review
ENT-000837,CP-000365,review
ENT-000838,CP-000762,review
ENT-000841,CP-000637,review
ENT-000842,CP-000029,review
ENT-000846,CP-000487,review
ENT-000851,CP-000689,review
ENT-000852,CP-000855,review
ENT-000854,CP-000355,review
ENT-000855,CP-000612,review
ENT-000857,CP-000102,review
ENT-000857,CP-000801,review
ENT-000864,CP-000905,review
ENT-000865,CP-000552,review
ENT-000866,CP-000294,review
ENT-000867,CP-000876,review
ENT-000871,CP-000532,review
ENT-000873,CP-000933,review
ENT-000879,CP-000940,review
ENT-000881,CP-000285,review
ENT-000883,CP-000920,review
ENT-000883,CP-000951,review
ENT-000886,CP-000935,review
ENT-000887,CP-000154,review
ENT-000887,CP-000724,review
ENT-000888,CP-000522,review
ENT-000888,CP-000910,review
ENT-000892,CP-000950,review
ENT-000892,CP-000992,review
ENT-000894,CP-000567,review
ENT-000895,CP-000150,review
ENT-000897,CP-000900,review
ENT-000900,CP-000313,review
ENT-000903,CP-000807,review
ENT-000913,CP-000013,review
ENT-000915,CP-000148,review
ENT-000924,CP-000311,review
ENT-000924,CP-000949,review
ENT-000925,CP-000110,review
ENT-000930,CP-000830,review
ENT-000932,CP-000093,review
ENT-000935,CP-000380,review
ENT-000935,CP-000810,review
ENT-000936,CP-000755,review
ENT-000946,CP-000283,review
ENT-000948,CP-000968,review
ENT-000950,CP-000277,review
ENT-000951,CP-000615,review
ENT-000953,CP-000747,review
ENT-000955,CP-000472,review
ENT-000956,CP-000046,review
ENT-000957,CP-000566,review
ENT-000960,CP-000691,review
ENT-000962,CP-000234,review
ENT-000967,CP-000128,review
ENT-000970,CP-000529,review
ENT-000971,CP-000062,review
ENT-000976,CP-000870,review
ENT-000977,CP-000660,review
ENT-000979,CP-000713,review
ENT-000980,CP-000119,review
ENT-000980,CP-000750,review
ENT-000981,CP-000007,review
ENT-000981,CP-000328,review
ENT-000982,CP-000400,review
ENT-000982,CP-000722,review
ENT-000983,CP-000168,review
ENT-000984,CP-000406,review
ENT-000985,CP-000941,review
ENT-000986,CP-000323,review
ENT-000987,CP-000014,review
ENT-000989,CP-000591,review
ENT-000990,CP-000417,review
ENT-000994,CP-000879,review
ENT-000996,CP-000230,review
ENT-000996,CP-000892,review
ENT-000997,CP-000398,review
ENT-000997,CP-000997,review
ENT-000999,CP-000056,review
