CP-000034,matched
CP-000043,matched
CP-000052,matched
CP-000058,matched
CP-000066,matched
CP-000082,matched
CP-000087,matched
CP-000107,matched
CP-000171,matched
CP-000229,matched
CP-000231,matched
CP-000247,matched
CP-000307,matched
CP-000316,matched
CP-000318,matched
CP-000391,matched
CP-000401,matched
CP-000446,matched
CP-000488,matched
CP-000495,matched
CP-000548,matched
CP-000568,matched
CP-000729,ambiguous
CP-000773,ambiguous
CP-000816,ambiguous
CP-000837,ambiguous
CP-000842,ambiguous
CP-000849,ambiguous
CP-000857,ambiguous
CP-000901,unmatched
CP-000902,unmatched
CP-000906,unmatched
CP-000907,unmatched
CP-000909,unmatched
CP-000912,unmatched
CP-000914,unmatched
CP-000915,unmatched
CP-000917,unmatched
CP-000918,unmatched
CP-000919,unmatched
CP-000922,unmatched
CP-000923,unmatched
CP-000925,unmatched
CP-000926,unmatched
CP-000931,unmatched
CP-000932,unmatched
CP-000938,unmatched
CP-000944,unmatched
CP-000945,unmatched
CP-000948,unmatched
CP-000956,unmatched
CP-000957,unmatched
CP-000962,unmatched
CP-000963,unmatched
CP-000964,unmatched
CP-000965,unmatched
CP-000966,unmatched
CP-000969,unmatched
CP-000970,unmatched
CP-000971,unmatched
CP-000972,unmatched
CP-000974,unmatched
CP-000978,unmatched
CP-000980,unmatched
CP-000981,unmatched
CP-000983,unmatched
CP-000984,unmatched
CP-000987,unmatched
CP-000989,unmatched
CP-000990,unmatched
CP-000991,unmatched
CP-000995,unmatched
CP-000999,unmatched
